target,spectator,regime,distance,channel,per_channel_severity,channel_overlap,total_severity,spike_probability
rpc_microservice,cache_thrash,structured,same_core,LLC,0.517925909097759,0.38,0.593088129323479,0.6
rpc_microservice,cache_thrash,structured,same_core,MEM_BW,0.019499923728296245,0.06,0.593088129323479,0.6
rpc_microservice,cache_thrash,structured,same_core,TLB,0.0008861134912176083,0.03,0.593088129323479,0.6
rpc_microservice,cache_thrash,structured,same_core,PREFETCH,0.008513848926441069,0.03,0.593088129323479,0.6
rpc_microservice,cache_thrash,structured,same_core,NUMA,0.00022516342600545662,0.005000000000000001,0.593088129323479,0.6
rpc_microservice,cache_thrash,structured,same_core,THERMAL,0.0,0.005000000000000001,0.593088129323479,0.6
rpc_microservice,cache_thrash,structured,same_core,OS_FAULTS,0.0,0.005000000000000001,0.593088129323479,0.6
rpc_microservice,cache_thrash,structured,same_numa,LLC,0.2270500642934925,0.38,0.2821468213108822,0.48499896907106926
rpc_microservice,cache_thrash,structured,same_numa,MEM_BW,0.010267741032721647,0.06,0.2821468213108822,0.48499896907106926
rpc_microservice,cache_thrash,structured,same_numa,TLB,0.0005113583401611025,0.03,0.2821468213108822,0.48499896907106926
rpc_microservice,cache_thrash,structured,same_numa,PREFETCH,0.003907301573231413,0.03,0.2821468213108822,0.48499896907106926
rpc_microservice,cache_thrash,structured,same_numa,NUMA,9.428765612991541e-05,0.005000000000000001,0.2821468213108822,0.48499896907106926
rpc_microservice,cache_thrash,structured,same_numa,THERMAL,0.0,0.005000000000000001,0.2821468213108822,0.48499896907106926
rpc_microservice,cache_thrash,structured,same_numa,OS_FAULTS,0.0,0.005000000000000001,0.2821468213108822,0.48499896907106926
rpc_microservice,cache_thrash,structured,cross_socket,LLC,0.06520300883897646,0.38,0.10937009333354905,0.24249948453553463
rpc_microservice,cache_thrash,structured,cross_socket,MEM_BW,0.003890746295983696,0.06,0.10937009333354905,0.24249948453553463
rpc_microservice,cache_thrash,structured,cross_socket,TLB,0.00022258164553670934,0.03,0.10937009333354905,0.24249948453553463
rpc_microservice,cache_thrash,structured,cross_socket,PREFETCH,0.001202613125784414,0.03,0.10937009333354905,0.24249948453553463
rpc_microservice,cache_thrash,structured,cross_socket,NUMA,2.5263751921197698e-05,0.005000000000000001,0.10937009333354905,0.24249948453553463
rpc_microservice,cache_thrash,structured,cross_socket,THERMAL,0.0,0.005000000000000001,0.10937009333354905,0.24249948453553463
rpc_microservice,cache_thrash,structured,cross_socket,OS_FAULTS,0.0,0.005000000000000001,0.10937009333354905,0.24249948453553463
rpc_microservice,cache_thrash,adversarial,same_core,LLC,1.035851818195518,0.38,1.1623005999544775,0.6
rpc_microservice,cache_thrash,adversarial,same_core,MEM_BW,0.03899984745659249,0.06,1.1623005999544775,0.6
rpc_microservice,cache_thrash,adversarial,same_core,TLB,0.0017722269824352165,0.03,1.1623005999544775,0.6
rpc_microservice,cache_thrash,adversarial,same_core,PREFETCH,0.017027697852882138,0.03,1.1623005999544775,0.6
rpc_microservice,cache_thrash,adversarial,same_core,NUMA,0.00045032685201091324,0.005000000000000001,1.1623005999544775,0.6
rpc_microservice,cache_thrash,adversarial,same_core,THERMAL,0.0,0.005000000000000001,1.1623005999544775,0.6
rpc_microservice,cache_thrash,adversarial,same_core,OS_FAULTS,0.0,0.005000000000000001,1.1623005999544775,0.6
rpc_microservice,cache_thrash,adversarial,same_numa,LLC,0.454100128586985,0.38,0.5289757794520554,0.6
rpc_microservice,cache_thrash,adversarial,same_numa,MEM_BW,0.020535482065443294,0.06,0.5289757794520554,0.6
rpc_microservice,cache_thrash,adversarial,same_numa,TLB,0.001022716680322205,0.03,0.5289757794520554,0.6
rpc_microservice,cache_thrash,adversarial,same_numa,PREFETCH,0.007814603146462826,0.03,0.5289757794520554,0.6
rpc_microservice,cache_thrash,adversarial,same_numa,NUMA,0.00018857531225983083,0.005000000000000001,0.5289757794520554,0.6
rpc_microservice,cache_thrash,adversarial,same_numa,THERMAL,0.0,0.005000000000000001,0.5289757794520554,0.6
rpc_microservice,cache_thrash,adversarial,same_numa,OS_FAULTS,0.0,0.005000000000000001,0.5289757794520554,0.6
rpc_microservice,cache_thrash,adversarial,cross_socket,LLC,0.13040601767795293,0.38,0.18044194601779123,0.6
rpc_microservice,cache_thrash,adversarial,cross_socket,MEM_BW,0.007781492591967392,0.06,0.18044194601779123,0.6
rpc_microservice,cache_thrash,adversarial,cross_socket,TLB,0.00044516329107341867,0.03,0.18044194601779123,0.6
rpc_microservice,cache_thrash,adversarial,cross_socket,PREFETCH,0.002405226251568828,0.03,0.18044194601779123,0.6
rpc_microservice,cache_thrash,adversarial,cross_socket,NUMA,5.0527503842395396e-05,0.005000000000000001,0.18044194601779123,0.6
rpc_microservice,cache_thrash,adversarial,cross_socket,THERMAL,0.0,0.005000000000000001,0.18044194601779123,0.6
rpc_microservice,cache_thrash,adversarial,cross_socket,OS_FAULTS,0.0,0.005000000000000001,0.18044194601779123,0.6
rpc_microservice,membw_saturator,structured,same_core,LLC,0.06458700114538939,0.12,0.3558326890983193,0.6
rpc_microservice,membw_saturator,structured,same_core,MEM_BW,0.2195595168358685,0.19,0.3558326890983193,0.6
rpc_microservice,membw_saturator,structured,same_core,TLB,0.0,0.0225,0.3558326890983193,0.6
rpc_microservice,membw_saturator,structured,same_core,PREFETCH,0.02455633783789702,0.06,0.3558326890983193,0.6
rpc_microservice,membw_saturator,structured,same_core,NUMA,0.009749961864148126,0.03,0.3558326890983193,0.6
rpc_microservice,membw_saturator,structured,same_core,THERMAL,0.0,0.0075,0.3558326890983193,0.6
rpc_microservice,membw_saturator,structured,same_core,OS_FAULTS,0.0,0.005000000000000001,0.3558326890983193,0.6
rpc_microservice,membw_saturator,structured,same_numa,LLC,0.028313862089136374,0.12,0.18913079945980832,0.6
rpc_microservice,membw_saturator,structured,same_numa,MEM_BW,0.11560969630198428,0.19,0.18913079945980832,0.6
rpc_microservice,membw_saturator,structured,same_numa,TLB,0.0,0.0225,0.18913079945980832,0.6
rpc_microservice,membw_saturator,structured,same_numa,PREFETCH,0.011269758049010318,0.06,0.18913079945980832,0.6
rpc_microservice,membw_saturator,structured,same_numa,NUMA,0.004082816946941947,0.03,0.18913079945980832,0.6
rpc_microservice,membw_saturator,structured,same_numa,THERMAL,0.0,0.0075,0.18913079945980832,0.6
rpc_microservice,membw_saturator,structured,same_numa,OS_FAULTS,0.0,0.005000000000000001,0.18913079945980832,0.6
rpc_microservice,membw_saturator,structured,cross_socket,LLC,0.008131021701350967,0.12,0.08436597890838327,0.3071660137450105
rpc_microservice,membw_saturator,structured,cross_socket,MEM_BW,0.043807882983538375,0.19,0.08436597890838327,0.3071660137450105
rpc_microservice,membw_saturator,structured,cross_socket,TLB,0.0,0.0225,0.08436597890838327,0.3071660137450105
rpc_microservice,membw_saturator,structured,cross_socket,PREFETCH,0.0034686749154469896,0.06,0.08436597890838327,0.3071660137450105
rpc_microservice,membw_saturator,structured,cross_socket,NUMA,0.0010939637140314573,0.03,0.08436597890838327,0.3071660137450105
rpc_microservice,membw_saturator,structured,cross_socket,THERMAL,0.0,0.0075,0.08436597890838327,0.3071660137450105
rpc_microservice,membw_saturator,structured,cross_socket,OS_FAULTS,0.0,0.005000000000000001,0.08436597890838327,0.3071660137450105
rpc_microservice,membw_saturator,adversarial,same_core,LLC,0.12917400229077877,0.12,0.703550121026671,0.6
rpc_microservice,membw_saturator,adversarial,same_core,MEM_BW,0.439119033671737,0.19,0.703550121026671,0.6
rpc_microservice,membw_saturator,adversarial,same_core,TLB,0.0,0.0225,0.703550121026671,0.6
rpc_microservice,membw_saturator,adversarial,same_core,PREFETCH,0.04911267567579404,0.06,0.703550121026671,0.6
rpc_microservice,membw_saturator,adversarial,same_core,NUMA,0.019499923728296252,0.03,0.703550121026671,0.6
rpc_microservice,membw_saturator,adversarial,same_core,THERMAL,0.0,0.0075,0.703550121026671,0.6
rpc_microservice,membw_saturator,adversarial,same_core,OS_FAULTS,0.0,0.005000000000000001,0.703550121026671,0.6
rpc_microservice,membw_saturator,adversarial,same_numa,LLC,0.05662772417827275,0.12,0.3550959310650874,0.6
rpc_microservice,membw_saturator,adversarial,same_numa,MEM_BW,0.23121939260396857,0.19,0.3550959310650874,0.6
rpc_microservice,membw_saturator,adversarial,same_numa,TLB,0.0,0.0225,0.3550959310650874,0.6
rpc_microservice,membw_saturator,adversarial,same_numa,PREFETCH,0.022539516098020636,0.06,0.3550959310650874,0.6
rpc_microservice,membw_saturator,adversarial,same_numa,NUMA,0.008165633893883894,0.03,0.3550959310650874,0.6
rpc_microservice,membw_saturator,adversarial,same_numa,THERMAL,0.0,0.0075,0.3550959310650874,0.6
rpc_microservice,membw_saturator,adversarial,same_numa,OS_FAULTS,0.0,0.005000000000000001,0.3550959310650874,0.6
rpc_microservice,membw_saturator,adversarial,cross_socket,LLC,0.016262043402701935,0.12,0.14158582900479746,0.6
rpc_microservice,membw_saturator,adversarial,cross_socket,MEM_BW,0.08761576596707675,0.19,0.14158582900479746,0.6
rpc_microservice,membw_saturator,adversarial,cross_socket,TLB,0.0,0.0225,0.14158582900479746,0.6
rpc_microservice,membw_saturator,adversarial,cross_socket,PREFETCH,0.006937349830893979,0.06,0.14158582900479746,0.6
rpc_microservice,membw_saturator,adversarial,cross_socket,NUMA,0.0021879274280629146,0.03,0.14158582900479746,0.6
rpc_microservice,membw_saturator,adversarial,cross_socket,THERMAL,0.0,0.0075,0.14158582900479746,0.6
rpc_microservice,membw_saturator,adversarial,cross_socket,OS_FAULTS,0.0,0.005000000000000001,0.14158582900479746,0.6
rpc_microservice,tlb_stress,structured,same_core,LLC,0.032741783783862714,0.08000000000000002,0.20928210808020714,0.6
rpc_microservice,tlb_stress,structured,same_core,MEM_BW,0.008165285229466815,0.04000000000000001,0.20928210808020714,0.6
rpc_microservice,tlb_stress,structured,same_core,TLB,0.13476369087517232,0.1425,0.20928210808020714,0.6
rpc_microservice,tlb_stress,structured,same_core,PREFETCH,0.008513848926441069,0.03,0.20928210808020714,0.6
rpc_microservice,tlb_stress,structured,same_core,NUMA,0.002213015835002767,0.015,0.20928210808020714,0.6
rpc_microservice,tlb_stress,structured,same_core,THERMAL,0.0,0.0025000000000000005,0.20928210808020714,0.6
rpc_microservice,tlb_stress,structured,same_core,OS_FAULTS,0.0,0.015,0.20928210808020714,0.6
rpc_microservice,tlb_stress,structured,same_numa,LLC,0.014353450913780178,0.08000000000000002,0.12360817160848671,0.5528008451513076
rpc_microservice,tlb_stress,structured,same_numa,MEM_BW,0.004299454467753327,0.04000000000000001,0.12360817160848671,0.5528008451513076
rpc_microservice,tlb_stress,structured,same_numa,TLB,0.07776942565812797,0.1425,0.12360817160848671,0.5528008451513076
rpc_microservice,tlb_stress,structured,same_numa,PREFETCH,0.003907301573231413,0.03,0.12360817160848671,0.5528008451513076
rpc_microservice,tlb_stress,structured,same_numa,NUMA,0.0009267050149420886,0.015,0.12360817160848671,0.5528008451513076
rpc_microservice,tlb_stress,structured,same_numa,THERMAL,0.0,0.0025000000000000005,0.12360817160848671,0.5528008451513076
rpc_microservice,tlb_stress,structured,same_numa,OS_FAULTS,0.0,0.015,0.12360817160848671,0.5528008451513076
rpc_microservice,tlb_stress,structured,cross_socket,LLC,0.004121946363297496,0.08000000000000002,0.06325010713401372,0.2764004225756538
rpc_microservice,tlb_stress,structured,cross_socket,MEM_BW,0.001629188590932716,0.04000000000000001,0.06325010713401372,0.2764004225756538
rpc_microservice,tlb_stress,structured,cross_socket,TLB,0.03385110865694967,0.1425,0.06325010713401372,0.2764004225756538
rpc_microservice,tlb_stress,structured,cross_socket,PREFETCH,0.001202613125784414,0.03,0.06325010713401372,0.2764004225756538
rpc_microservice,tlb_stress,structured,cross_socket,NUMA,0.0002483044606535574,0.015,0.06325010713401372,0.2764004225756538
rpc_microservice,tlb_stress,structured,cross_socket,THERMAL,0.0,0.0025000000000000005,0.06325010713401372,0.2764004225756538
rpc_microservice,tlb_stress,structured,cross_socket,OS_FAULTS,0.0,0.015,0.06325010713401372,0.2764004225756538
rpc_microservice,tlb_stress,adversarial,same_core,LLC,0.06548356756772543,0.08000000000000002,0.3978081830209371,0.6
rpc_microservice,tlb_stress,adversarial,same_core,MEM_BW,0.01633057045893363,0.04000000000000001,0.3978081830209371,0.6
rpc_microservice,tlb_stress,adversarial,same_core,TLB,0.26952738175034463,0.1425,0.3978081830209371,0.6
rpc_microservice,tlb_stress,adversarial,same_core,PREFETCH,0.017027697852882138,0.03,0.3978081830209371,0.6
rpc_microservice,tlb_stress,adversarial,same_core,NUMA,0.004426031670005534,0.015,0.3978081830209371,0.6
rpc_microservice,tlb_stress,adversarial,same_core,THERMAL,0.0,0.0025000000000000005,0.3978081830209371,0.6
rpc_microservice,tlb_stress,adversarial,same_core,OS_FAULTS,0.0,0.015,0.3978081830209371,0.6
rpc_microservice,tlb_stress,adversarial,same_numa,LLC,0.028706901827560357,0.08000000000000002,0.22539501117827687,0.6
rpc_microservice,tlb_stress,adversarial,same_numa,MEM_BW,0.008598908935506654,0.04000000000000001,0.22539501117827687,0.6
rpc_microservice,tlb_stress,adversarial,same_numa,TLB,0.15553885131625594,0.1425,0.22539501117827687,0.6
rpc_microservice,tlb_stress,adversarial,same_numa,PREFETCH,0.007814603146462826,0.03,0.22539501117827687,0.6
rpc_microservice,tlb_stress,adversarial,same_numa,NUMA,0.0018534100298841772,0.015,0.22539501117827687,0.6
rpc_microservice,tlb_stress,adversarial,same_numa,THERMAL,0.0,0.0025000000000000005,0.22539501117827687,0.6
rpc_microservice,tlb_stress,adversarial,same_numa,OS_FAULTS,0.0,0.015,0.22539501117827687,0.6
rpc_microservice,tlb_stress,adversarial,cross_socket,LLC,0.008243892726594992,0.08000000000000002,0.10436910614081912,0.6
rpc_microservice,tlb_stress,adversarial,cross_socket,MEM_BW,0.003258377181865432,0.04000000000000001,0.10436910614081912,0.6
rpc_microservice,tlb_stress,adversarial,cross_socket,TLB,0.06770221731389935,0.1425,0.10436910614081912,0.6
rpc_microservice,tlb_stress,adversarial,cross_socket,PREFETCH,0.002405226251568828,0.03,0.10436910614081912,0.6
rpc_microservice,tlb_stress,adversarial,cross_socket,NUMA,0.0004966089213071149,0.015,0.10436910614081912,0.6
rpc_microservice,tlb_stress,adversarial,cross_socket,THERMAL,0.0,0.0025000000000000005,0.10436910614081912,0.6
rpc_microservice,tlb_stress,adversarial,cross_socket,OS_FAULTS,0.0,0.015,0.10436910614081912,0.6
rpc_microservice,light_background,structured,same_core,LLC,0.011351798568588098,0.04000000000000001,0.024117624137216673,0.6
rpc_microservice,light_background,structured,same_core,MEM_BW,0.001886548078461073,0.020000000000000004,0.024117624137216673,0.6
rpc_microservice,light_background,structured,same_core,TLB,0.0,0.0075,0.024117624137216673,0.6
rpc_microservice,light_background,structured,same_core,PREFETCH,0.0033546871945218837,0.015,0.024117624137216673,0.6
rpc_microservice,light_background,structured,same_core,NUMA,0.00022516342600545662,0.005000000000000001,0.024117624137216673,0.6
rpc_microservice,light_background,structured,same_core,THERMAL,0.0,0.0025000000000000005,0.024117624137216673,0.6
rpc_microservice,light_background,structured,same_core,OS_FAULTS,0.0,0.015,0.024117624137216673,0.6
rpc_microservice,light_background,structured,same_numa,LLC,0.004976438810204824,0.04000000000000001,0.014883974766910758,0.4187647664262122
rpc_microservice,light_background,structured,same_numa,MEM_BW,0.0009933673272428428,0.020000000000000004,0.014883974766910758,0.4187647664262122
rpc_microservice,light_background,structured,same_numa,TLB,0.0,0.0075,0.014883974766910758,0.4187647664262122
rpc_microservice,light_background,structured,same_numa,PREFETCH,0.0015395827041452916,0.015,0.014883974766910758,0.4187647664262122
rpc_microservice,light_background,structured,same_numa,NUMA,9.428765612991541e-05,0.005000000000000001,0.014883974766910758,0.4187647664262122
rpc_microservice,light_background,structured,same_numa,THERMAL,0.0,0.0025000000000000005,0.014883974766910758,0.4187647664262122
rpc_microservice,light_background,structured,same_numa,OS_FAULTS,0.0,0.015,0.014883974766910758,0.4187647664262122
rpc_microservice,light_background,structured,cross_socket,LLC,0.001429106768756421,0.04000000000000001,0.009580177856998568,0.2093823832131061
rpc_microservice,light_background,structured,cross_socket,MEM_BW,0.00037641582863303324,0.020000000000000004,0.009580177856998568,0.2093823832131061
rpc_microservice,light_background,structured,cross_socket,TLB,0.0,0.0075,0.009580177856998568,0.2093823832131061
rpc_microservice,light_background,structured,cross_socket,PREFETCH,0.00047386216127273385,0.015,0.009580177856998568,0.2093823832131061
rpc_microservice,light_background,structured,cross_socket,NUMA,2.5263751921197698e-05,0.005000000000000001,0.009580177856998568,0.2093823832131061
rpc_microservice,light_background,structured,cross_socket,THERMAL,0.0,0.0025000000000000005,0.009580177856998568,0.2093823832131061
rpc_microservice,light_background,structured,cross_socket,OS_FAULTS,0.0,0.015,0.009580177856998568,0.2093823832131061
rpc_microservice,light_background,adversarial,same_core,LLC,0.022703597137176196,0.04000000000000001,0.04100910201371367,0.6
rpc_microservice,light_background,adversarial,same_core,MEM_BW,0.003773096156922146,0.020000000000000004,0.04100910201371367,0.6
rpc_microservice,light_background,adversarial,same_core,TLB,0.0,0.0075,0.04100910201371367,0.6
rpc_microservice,light_background,adversarial,same_core,PREFETCH,0.006709374389043767,0.015,0.04100910201371367,0.6
rpc_microservice,light_background,adversarial,same_core,NUMA,0.00045032685201091324,0.005000000000000001,0.04100910201371367,0.6
rpc_microservice,light_background,adversarial,same_core,THERMAL,0.0,0.0025000000000000005,0.04100910201371367,0.6
rpc_microservice,light_background,adversarial,same_core,OS_FAULTS,0.0,0.015,0.04100910201371367,0.6
rpc_microservice,light_background,adversarial,same_numa,LLC,0.009952877620409648,0.04000000000000001,0.022503546072197282,0.6
rpc_microservice,light_background,adversarial,same_numa,MEM_BW,0.0019867346544856857,0.020000000000000004,0.022503546072197282,0.6
rpc_microservice,light_background,adversarial,same_numa,TLB,0.0,0.0075,0.022503546072197282,0.6
rpc_microservice,light_background,adversarial,same_numa,PREFETCH,0.0030791654082905832,0.015,0.022503546072197282,0.6
rpc_microservice,light_background,adversarial,same_numa,NUMA,0.00018857531225983083,0.005000000000000001,0.022503546072197282,0.6
rpc_microservice,light_background,adversarial,same_numa,THERMAL,0.0,0.0025000000000000005,0.022503546072197282,0.6
rpc_microservice,light_background,adversarial,same_numa,OS_FAULTS,0.0,0.015,0.022503546072197282,0.6
rpc_microservice,light_background,adversarial,cross_socket,LLC,0.002858213537512842,0.04000000000000001,0.011886414406827495,0.5234559580327652
rpc_microservice,light_background,adversarial,cross_socket,MEM_BW,0.0007528316572660665,0.020000000000000004,0.011886414406827495,0.5234559580327652
rpc_microservice,light_background,adversarial,cross_socket,TLB,0.0,0.0075,0.011886414406827495,0.5234559580327652
rpc_microservice,light_background,adversarial,cross_socket,PREFETCH,0.0009477243225454677,0.015,0.011886414406827495,0.5234559580327652
rpc_microservice,light_background,adversarial,cross_socket,NUMA,5.0527503842395396e-05,0.005000000000000001,0.011886414406827495,0.5234559580327652
rpc_microservice,light_background,adversarial,cross_socket,THERMAL,0.0,0.0025000000000000005,0.011886414406827495,0.5234559580327652
rpc_microservice,light_background,adversarial,cross_socket,OS_FAULTS,0.0,0.015,0.011886414406827495,0.5234559580327652
kv_lookup,cache_thrash,structured,same_core,LLC,1.6587373069735267,0.76,1.808825863238075,0.6
kv_lookup,cache_thrash,structured,same_core,MEM_BW,0.01006406158356565,0.045,1.808825863238075,0.6
kv_lookup,cache_thrash,structured,same_core,TLB,0.028649060810879853,0.06999999999999999,1.808825863238075,0.6
kv_lookup,cache_thrash,structured,same_core,PREFETCH,0.01980230196615047,0.04000000000000001,1.808825863238075,0.6
kv_lookup,cache_thrash,structured,same_core,NUMA,0.00022516342600545662,0.005000000000000001,1.808825863238075,0.6
kv_lookup,cache_thrash,structured,same_core,THERMAL,0.0,0.005000000000000001,1.808825863238075,0.6
kv_lookup,cache_thrash,structured,same_core,OS_FAULTS,0.0,0.0025000000000000005,1.808825863238075,0.6
kv_lookup,cache_thrash,structured,same_numa,LLC,0.7271627187958792,0.76,0.8337818950084159,0.5408473352065256
kv_lookup,cache_thrash,structured,same_numa,MEM_BW,0.005299260628771866,0.045,0.8337818950084159,0.5408473352065256
kv_lookup,cache_thrash,structured,same_numa,TLB,0.01653279893447456,0.06999999999999999,0.8337818950084159,0.5408473352065256
kv_lookup,cache_thrash,structured,same_numa,PREFETCH,0.009087965536438838,0.04000000000000001,0.8337818950084159,0.5408473352065256
kv_lookup,cache_thrash,structured,same_numa,NUMA,9.428765612991541e-05,0.005000000000000001,0.8337818950084159,0.5408473352065256
kv_lookup,cache_thrash,structured,same_numa,THERMAL,0.0,0.005000000000000001,0.8337818950084159,0.5408473352065256
kv_lookup,cache_thrash,structured,same_numa,OS_FAULTS,0.0,0.0025000000000000005,0.8337818950084159,0.5408473352065256
kv_lookup,cache_thrash,structured,cross_socket,LLC,0.20882265472399952,0.76,0.29253432844220373,0.2704236676032628
kv_lookup,cache_thrash,structured,cross_socket,MEM_BW,0.0020080442813214566,0.045,0.29253432844220373,0.2704236676032628
kv_lookup,cache_thrash,structured,cross_socket,TLB,0.007196318712634196,0.06999999999999999,0.29253432844220373,0.2704236676032628
kv_lookup,cache_thrash,structured,cross_socket,PREFETCH,0.0027971494997144526,0.04000000000000001,0.29253432844220373,0.2704236676032628
kv_lookup,cache_thrash,structured,cross_socket,NUMA,2.5263751921197698e-05,0.005000000000000001,0.29253432844220373,0.2704236676032628
kv_lookup,cache_thrash,structured,cross_socket,THERMAL,0.0,0.005000000000000001,0.29253432844220373,0.2704236676032628
kv_lookup,cache_thrash,structured,cross_socket,OS_FAULTS,0.0,0.0025000000000000005,0.29253432844220373,0.2704236676032628
kv_lookup,cache_thrash,adversarial,same_core,LLC,3.3174746139470535,0.76,3.586597663432043,0.6
kv_lookup,cache_thrash,adversarial,same_core,MEM_BW,0.0201281231671313,0.045,3.586597663432043,0.6
kv_lookup,cache_thrash,adversarial,same_core,TLB,0.05729812162175971,0.06999999999999999,3.586597663432043,0.6
kv_lookup,cache_thrash,adversarial,same_core,PREFETCH,0.03960460393230094,0.04000000000000001,3.586597663432043,0.6
kv_lookup,cache_thrash,adversarial,same_core,NUMA,0.00045032685201091324,0.005000000000000001,3.586597663432043,0.6
kv_lookup,cache_thrash,adversarial,same_core,THERMAL,0.0,0.005000000000000001,3.586597663432043,0.6
kv_lookup,cache_thrash,adversarial,same_core,OS_FAULTS,0.0,0.0025000000000000005,3.586597663432043,0.6
kv_lookup,cache_thrash,adversarial,same_numa,LLC,1.4543254375917585,0.76,1.6050235169302747,0.6
kv_lookup,cache_thrash,adversarial,same_numa,MEM_BW,0.010598521257543733,0.045,1.6050235169302747,0.6
kv_lookup,cache_thrash,adversarial,same_numa,TLB,0.03306559786894912,0.06999999999999999,1.6050235169302747,0.6
kv_lookup,cache_thrash,adversarial,same_numa,PREFETCH,0.018175931072877675,0.04000000000000001,1.6050235169302747,0.6
kv_lookup,cache_thrash,adversarial,same_numa,NUMA,0.00018857531225983083,0.005000000000000001,1.6050235169302747,0.6
kv_lookup,cache_thrash,adversarial,same_numa,THERMAL,0.0,0.005000000000000001,1.6050235169302747,0.6
kv_lookup,cache_thrash,adversarial,same_numa,OS_FAULTS,0.0,0.0025000000000000005,1.6050235169302747,0.6
kv_lookup,cache_thrash,adversarial,cross_socket,LLC,0.41764530944799905,0.76,0.5146884518296332,0.6
kv_lookup,cache_thrash,adversarial,cross_socket,MEM_BW,0.004016088562642913,0.045,0.5146884518296332,0.6
kv_lookup,cache_thrash,adversarial,cross_socket,TLB,0.014392637425268391,0.06999999999999999,0.5146884518296332,0.6
kv_lookup,cache_thrash,adversarial,cross_socket,PREFETCH,0.005594298999428905,0.04000000000000001,0.5146884518296332,0.6
kv_lookup,cache_thrash,adversarial,cross_socket,NUMA,5.0527503842395396e-05,0.005000000000000001,0.5146884518296332,0.6
kv_lookup,cache_thrash,adversarial,cross_socket,THERMAL,0.0,0.005000000000000001,0.5146884518296332,0.6
kv_lookup,cache_thrash,adversarial,cross_socket,OS_FAULTS,0.0,0.0025000000000000005,0.5146884518296332,0.6
kv_lookup,membw_saturator,structured,same_core,LLC,0.3320649040984096,0.24,0.6327006996961726,0.6
kv_lookup,membw_saturator,structured,same_core,MEM_BW,0.1497701736935584,0.1425,0.6327006996961726,0.6
kv_lookup,membw_saturator,structured,same_core,TLB,0.018157882524948175,0.0525,0.6327006996961726,0.6
kv_lookup,membw_saturator,structured,same_core,PREFETCH,0.04997552046769072,0.08000000000000002,0.6327006996961726,0.6
kv_lookup,membw_saturator,structured,same_core,NUMA,0.009749961864148126,0.03,0.6327006996961726,0.6
kv_lookup,membw_saturator,structured,same_core,THERMAL,0.0,0.0075,0.6327006996961726,0.6
kv_lookup,membw_saturator,structured,same_core,OS_FAULTS,0.0,0.0025000000000000005,0.6327006996961726,0.6
kv_lookup,membw_saturator,structured,same_numa,LLC,0.1455717053361881,0.24,0.3073072057070879,0.6
kv_lookup,membw_saturator,structured,same_numa,MEM_BW,0.0788619165560992,0.1425,0.3073072057070879,0.6
kv_lookup,membw_saturator,structured,same_numa,TLB,0.010478550164086787,0.0525,0.3073072057070879,0.6
kv_lookup,membw_saturator,structured,same_numa,PREFETCH,0.022935505601940777,0.08000000000000002,0.3073072057070879,0.6
kv_lookup,membw_saturator,structured,same_numa,NUMA,0.004082816946941947,0.03,0.3073072057070879,0.6
kv_lookup,membw_saturator,structured,same_numa,THERMAL,0.0,0.0075,0.3073072057070879,0.6
kv_lookup,membw_saturator,structured,same_numa,OS_FAULTS,0.0,0.0025000000000000005,0.3073072057070879,0.6
kv_lookup,membw_saturator,structured,cross_socket,LLC,0.041804494613448095,0.24,0.12253954867291345,0.4247415213986031
kv_lookup,membw_saturator,structured,cross_socket,MEM_BW,0.029883078347710052,0.1425,0.12253954867291345,0.4247415213986031
kv_lookup,membw_saturator,structured,cross_socket,TLB,0.0045610538739362235,0.0525,0.12253954867291345,0.4247415213986031
kv_lookup,membw_saturator,structured,cross_socket,PREFETCH,0.007059229897267607,0.08000000000000002,0.12253954867291345,0.4247415213986031
kv_lookup,membw_saturator,structured,cross_socket,NUMA,0.0010939637140314573,0.03,0.12253954867291345,0.4247415213986031
kv_lookup,membw_saturator,structured,cross_socket,THERMAL,0.0,0.0075,0.12253954867291345,0.4247415213986031
kv_lookup,membw_saturator,structured,cross_socket,OS_FAULTS,0.0,0.0025000000000000005,0.12253954867291345,0.4247415213986031
kv_lookup,membw_saturator,adversarial,same_core,LLC,0.6641298081968192,0.24,1.2995409134871803,0.6
kv_lookup,membw_saturator,adversarial,same_core,MEM_BW,0.2995403473871168,0.1425,1.2995409134871803,0.6
kv_lookup,membw_saturator,adversarial,same_core,TLB,0.03631576504989635,0.0525,1.2995409134871803,0.6
kv_lookup,membw_saturator,adversarial,same_core,PREFETCH,0.09995104093538144,0.08000000000000002,1.2995409134871803,0.6
kv_lookup,membw_saturator,adversarial,same_core,NUMA,0.019499923728296252,0.03,1.2995409134871803,0.6
kv_lookup,membw_saturator,adversarial,same_core,THERMAL,0.0,0.0075,1.2995409134871803,0.6
kv_lookup,membw_saturator,adversarial,same_core,OS_FAULTS,0.0,0.0025000000000000005,1.2995409134871803,0.6
kv_lookup,membw_saturator,adversarial,same_numa,LLC,0.2911434106723762,0.24,0.593542833617838,0.6
kv_lookup,membw_saturator,adversarial,same_numa,MEM_BW,0.1577238331121984,0.1425,0.593542833617838,0.6
kv_lookup,membw_saturator,adversarial,same_numa,TLB,0.020957100328173574,0.0525,0.593542833617838,0.6
kv_lookup,membw_saturator,adversarial,same_numa,PREFETCH,0.045871011203881554,0.08000000000000002,0.593542833617838,0.6
kv_lookup,membw_saturator,adversarial,same_numa,NUMA,0.008165633893883894,0.03,0.593542833617838,0.6
kv_lookup,membw_saturator,adversarial,same_numa,THERMAL,0.0,0.0075,0.593542833617838,0.6
kv_lookup,membw_saturator,adversarial,same_numa,OS_FAULTS,0.0,0.0025000000000000005,0.593542833617838,0.6
kv_lookup,membw_saturator,adversarial,cross_socket,LLC,0.08360898922689619,0.24,0.20952955379886687,0.6
kv_lookup,membw_saturator,adversarial,cross_socket,MEM_BW,0.059766156695420104,0.1425,0.20952955379886687,0.6
kv_lookup,membw_saturator,adversarial,cross_socket,TLB,0.009122107747872447,0.0525,0.20952955379886687,0.6
kv_lookup,membw_saturator,adversarial,cross_socket,PREFETCH,0.014118459794535214,0.08000000000000002,0.20952955379886687,0.6
kv_lookup,membw_saturator,adversarial,cross_socket,NUMA,0.0021879274280629146,0.03,0.20952955379886687,0.6
kv_lookup,membw_saturator,adversarial,cross_socket,THERMAL,0.0,0.0075,0.20952955379886687,0.6
kv_lookup,membw_saturator,adversarial,cross_socket,OS_FAULTS,0.0,0.0025000000000000005,0.20952955379886687,0.6
kv_lookup,tlb_stress,structured,same_core,LLC,0.20152241472076485,0.16000000000000003,0.7264419394146684,0.6
kv_lookup,tlb_stress,structured,same_core,MEM_BW,0.003349537609539738,0.03,0.7264419394146684,0.6
kv_lookup,tlb_stress,structured,same_core,TLB,0.4531851704605391,0.33249999999999996,0.7264419394146684,0.6
kv_lookup,tlb_stress,structured,same_core,PREFETCH,0.01980230196615047,0.04000000000000001,0.7264419394146684,0.6
kv_lookup,tlb_stress,structured,same_core,NUMA,0.002213015835002767,0.015,0.7264419394146684,0.6
kv_lookup,tlb_stress,structured,same_core,THERMAL,0.0,0.0025000000000000005,0.7264419394146684,0.6
kv_lookup,tlb_stress,structured,same_core,OS_FAULTS,0.0,0.0075,0.7264419394146684,0.6
kv_lookup,tlb_stress,structured,same_numa,LLC,0.08834405928569425,0.16000000000000003,0.40410714500304046,0.5379079475151859
kv_lookup,tlb_stress,structured,same_numa,MEM_BW,0.001763708680778541,0.03,0.40410714500304046,0.5379079475151859
kv_lookup,tlb_stress,structured,same_numa,TLB,0.26152408111278574,0.33249999999999996,0.40410714500304046,0.5379079475151859
kv_lookup,tlb_stress,structured,same_numa,PREFETCH,0.009087965536438838,0.04000000000000001,0.40410714500304046,0.5379079475151859
kv_lookup,tlb_stress,structured,same_numa,NUMA,0.0009267050149420886,0.015,0.40410714500304046,0.5379079475151859
kv_lookup,tlb_stress,structured,same_numa,THERMAL,0.0,0.0025000000000000005,0.40410714500304046,0.5379079475151859
kv_lookup,tlb_stress,structured,same_numa,OS_FAULTS,0.0,0.0075,0.40410714500304046,0.5379079475151859
kv_lookup,tlb_stress,structured,cross_socket,LLC,0.025370168893809383,0.16000000000000003,0.18425279913600712,0.26895397375759295
kv_lookup,tlb_stress,structured,cross_socket,MEM_BW,0.0006683206164885586,0.03,0.18425279913600712,0.26895397375759295
kv_lookup,tlb_stress,structured,cross_socket,TLB,0.11383496806411843,0.33249999999999996,0.18425279913600712,0.26895397375759295
kv_lookup,tlb_stress,structured,cross_socket,PREFETCH,0.0027971494997144526,0.04000000000000001,0.18425279913600712,0.26895397375759295
kv_lookup,tlb_stress,structured,cross_socket,NUMA,0.0002483044606535574,0.015,0.18425279913600712,0.26895397375759295
kv_lookup,tlb_stress,structured,cross_socket,THERMAL,0.0,0.0025000000000000005,0.18425279913600712,0.26895397375759295
kv_lookup,tlb_stress,structured,cross_socket,OS_FAULTS,0.0,0.0075,0.18425279913600712,0.26895397375759295
kv_lookup,tlb_stress,adversarial,same_core,LLC,0.4030448294415297,0.16000000000000003,1.42209787647468,0.6
kv_lookup,tlb_stress,adversarial,same_core,MEM_BW,0.006699075219079476,0.03,1.42209787647468,0.6
kv_lookup,tlb_stress,adversarial,same_core,TLB,0.9063703409210782,0.33249999999999996,1.42209787647468,0.6
kv_lookup,tlb_stress,adversarial,same_core,PREFETCH,0.03960460393230094,0.04000000000000001,1.42209787647468,0.6
kv_lookup,tlb_stress,adversarial,same_core,NUMA,0.004426031670005534,0.015,1.42209787647468,0.6
kv_lookup,tlb_stress,adversarial,same_core,THERMAL,0.0,0.0025000000000000005,1.42209787647468,0.6
kv_lookup,tlb_stress,adversarial,same_core,OS_FAULTS,0.0,0.0075,1.42209787647468,0.6
kv_lookup,tlb_stress,adversarial,same_numa,LLC,0.1766881185713885,0.16000000000000003,0.7696105407508828,0.6
kv_lookup,tlb_stress,adversarial,same_numa,MEM_BW,0.003527417361557082,0.03,0.7696105407508828,0.6
kv_lookup,tlb_stress,adversarial,same_numa,TLB,0.5230481622255715,0.33249999999999996,0.7696105407508828,0.6
kv_lookup,tlb_stress,adversarial,same_numa,PREFETCH,0.018175931072877675,0.04000000000000001,0.7696105407508828,0.6
kv_lookup,tlb_stress,adversarial,same_numa,NUMA,0.0018534100298841772,0.015,0.7696105407508828,0.6
kv_lookup,tlb_stress,adversarial,same_numa,THERMAL,0.0,0.0025000000000000005,0.7696105407508828,0.6
kv_lookup,tlb_stress,adversarial,same_numa,OS_FAULTS,0.0,0.0075,0.7696105407508828,0.6
kv_lookup,tlb_stress,adversarial,cross_socket,LLC,0.050740337787618765,0.16000000000000003,0.3276483734744597,0.6
kv_lookup,tlb_stress,adversarial,cross_socket,MEM_BW,0.0013366412329771172,0.03,0.3276483734744597,0.6
kv_lookup,tlb_stress,adversarial,cross_socket,TLB,0.22766993612823685,0.33249999999999996,0.3276483734744597,0.6
kv_lookup,tlb_stress,adversarial,cross_socket,PREFETCH,0.005594298999428905,0.04000000000000001,0.3276483734744597,0.6
kv_lookup,tlb_stress,adversarial,cross_socket,NUMA,0.0004966089213071149,0.015,0.3276483734744597,0.6
kv_lookup,tlb_stress,adversarial,cross_socket,THERMAL,0.0,0.0025000000000000005,0.3276483734744597,0.6
kv_lookup,tlb_stress,adversarial,cross_socket,OS_FAULTS,0.0,0.0075,0.3276483734744597,0.6
kv_lookup,light_background,structured,same_core,LLC,0.09077749446806051,0.08000000000000002,0.11453158531925724,0.6
kv_lookup,light_background,structured,same_core,MEM_BW,0.00021787004285256435,0.015,0.11453158531925724,0.6
kv_lookup,light_background,structured,same_core,TLB,0.003913801726942199,0.017499999999999998,0.11453158531925724,0.6
kv_lookup,light_background,structured,same_core,PREFETCH,0.008612346402283134,0.020000000000000004,0.11453158531925724,0.6
kv_lookup,light_background,structured,same_core,NUMA,0.00022516342600545662,0.005000000000000001,0.11453158531925724,0.6
kv_lookup,light_background,structured,same_core,THERMAL,0.0,0.0025000000000000005,0.11453158531925724,0.6
kv_lookup,light_background,structured,same_core,OS_FAULTS,0.0,0.0075,0.11453158531925724,0.6
kv_lookup,light_background,structured,same_numa,LLC,0.03979533673316379,0.08000000000000002,0.05679392782389635,0.425035460167737
kv_lookup,light_background,structured,same_numa,MEM_BW,0.00011472009890746136,0.015,0.05679392782389635,0.425035460167737
kv_lookup,light_background,structured,same_numa,TLB,0.0022585765532796005,0.017499999999999998,0.05679392782389635,0.425035460167737
kv_lookup,light_background,structured,same_numa,PREFETCH,0.003952505492826672,0.020000000000000004,0.05679392782389635,0.425035460167737
kv_lookup,light_background,structured,same_numa,NUMA,9.428765612991541e-05,0.005000000000000001,0.05679392782389635,0.425035460167737
kv_lookup,light_background,structured,same_numa,THERMAL,0.0,0.0025000000000000005,0.05679392782389635,0.425035460167737
kv_lookup,light_background,structured,same_numa,OS_FAULTS,0.0,0.0075,0.05679392782389635,0.425035460167737
kv_lookup,light_background,structured,cross_socket,LLC,0.011428209460484583,0.08000000000000002,0.024226520484862714,0.2125177300838685
kv_lookup,light_background,structured,cross_socket,MEM_BW,4.3470788606437654e-05,0.015,0.024226520484862714,0.2125177300838685
kv_lookup,light_background,structured,cross_socket,TLB,0.0009831025453524871,0.017499999999999998,0.024226520484862714,0.2125177300838685
kv_lookup,light_background,structured,cross_socket,PREFETCH,0.0012165262640521633,0.020000000000000004,0.024226520484862714,0.2125177300838685
kv_lookup,light_background,structured,cross_socket,NUMA,2.5263751921197698e-05,0.005000000000000001,0.024226520484862714,0.2125177300838685
kv_lookup,light_background,structured,cross_socket,THERMAL,0.0,0.0025000000000000005,0.024226520484862714,0.2125177300838685
kv_lookup,light_background,structured,cross_socket,OS_FAULTS,0.0,0.0075,0.024226520484862714,0.2125177300838685
kv_lookup,light_background,adversarial,same_core,LLC,0.18155498893612101,0.08000000000000002,0.2190579891447412,0.6
kv_lookup,light_background,adversarial,same_core,MEM_BW,0.0004357400857051287,0.015,0.2190579891447412,0.6
kv_lookup,light_background,adversarial,same_core,TLB,0.007827603453884398,0.017499999999999998,0.2190579891447412,0.6
kv_lookup,light_background,adversarial,same_core,PREFETCH,0.017224692804566268,0.020000000000000004,0.2190579891447412,0.6
kv_lookup,light_background,adversarial,same_core,NUMA,0.00045032685201091324,0.005000000000000001,0.2190579891447412,0.6
kv_lookup,light_background,adversarial,same_core,THERMAL,0.0,0.0025000000000000005,0.2190579891447412,0.6
kv_lookup,light_background,adversarial,same_core,OS_FAULTS,0.0,0.0075,0.2190579891447412,0.6
kv_lookup,light_background,adversarial,same_numa,LLC,0.07959067346632757,0.08000000000000002,0.10316985822697053,0.6
kv_lookup,light_background,adversarial,same_numa,MEM_BW,0.00022944019781492273,0.015,0.10316985822697053,0.6
kv_lookup,light_background,adversarial,same_numa,TLB,0.004517153106559201,0.017499999999999998,0.10316985822697053,0.6
kv_lookup,light_background,adversarial,same_numa,PREFETCH,0.007905010985653344,0.020000000000000004,0.10316985822697053,0.6
kv_lookup,light_background,adversarial,same_numa,NUMA,0.00018857531225983083,0.005000000000000001,0.10316985822697053,0.6
kv_lookup,light_background,adversarial,same_numa,THERMAL,0.0,0.0025000000000000005,0.10316985822697053,0.6
kv_lookup,light_background,adversarial,same_numa,OS_FAULTS,0.0,0.0075,0.10316985822697053,0.6
kv_lookup,light_background,adversarial,cross_socket,LLC,0.022856418920969165,0.08000000000000002,0.03793793631861712,0.5312943252096712
kv_lookup,light_background,adversarial,cross_socket,MEM_BW,8.694157721287531e-05,0.015,0.03793793631861712,0.5312943252096712
kv_lookup,light_background,adversarial,cross_socket,TLB,0.0019662050907049743,0.017499999999999998,0.03793793631861712,0.5312943252096712
kv_lookup,light_background,adversarial,cross_socket,PREFETCH,0.0024330525281043265,0.020000000000000004,0.03793793631861712,0.5312943252096712
kv_lookup,light_background,adversarial,cross_socket,NUMA,5.0527503842395396e-05,0.005000000000000001,0.03793793631861712,0.5312943252096712
kv_lookup,light_background,adversarial,cross_socket,THERMAL,0.0,0.0025000000000000005,0.03793793631861712,0.5312943252096712
kv_lookup,light_background,adversarial,cross_socket,OS_FAULTS,0.0,0.0075,0.03793793631861712,0.5312943252096712
inference_request,cache_thrash,structured,same_core,LLC,1.3155654384884086,0.6649999999999999,2.1874252031562564,0.6
inference_request,cache_thrash,structured,same_core,MEM_BW,0.3814420935975165,0.24,2.1874252031562564,0.6
inference_request,cache_thrash,structured,same_core,TLB,0.01825810067404357,0.06,2.1874252031562564,0.6
inference_request,cache_thrash,structured,same_core,PREFETCH,0.055472870922727284,0.06,2.1874252031562564,0.6
inference_request,cache_thrash,structured,same_core,NUMA,0.012925913645410195,0.020000000000000004,2.1874252031562564,0.6
inference_request,cache_thrash,structured,same_core,THERMAL,0.0,0.03,2.1874252031562564,0.6
inference_request,cache_thrash,structured,same_core,OS_FAULTS,0.0,0.0025000000000000005,2.1874252031562564,0.6
inference_request,cache_thrash,structured,same_numa,LLC,0.5767219058637788,0.6649999999999999,0.9719828686740107,0.6
inference_request,cache_thrash,structured,same_numa,MEM_BW,0.20084943359830612,0.24,0.9719828686740107,0.6
inference_request,cache_thrash,structured,same_numa,TLB,0.010536384049794836,0.06,0.9719828686740107,0.6
inference_request,cache_thrash,structured,same_numa,PREFETCH,0.025458431045785563,0.06,0.9719828686740107,0.6
inference_request,cache_thrash,structured,same_numa,NUMA,0.005412753405759078,0.020000000000000004,0.9719828686740107,0.6
inference_request,cache_thrash,structured,same_numa,THERMAL,0.0,0.03,0.9719828686740107,0.6
inference_request,cache_thrash,structured,same_numa,OS_FAULTS,0.0,0.0025000000000000005,0.9719828686740107,0.6
inference_request,cache_thrash,structured,cross_socket,LLC,0.16561987613911938,0.6649999999999999,0.34220627706532253,0.5775896813482734
inference_request,cache_thrash,structured,cross_socket,MEM_BW,0.07610770346979569,0.24,0.34220627706532253,0.5775896813482734
inference_request,cache_thrash,structured,cross_socket,TLB,0.004586227534826596,0.06,0.34220627706532253,0.5775896813482734
inference_request,cache_thrash,structured,cross_socket,PREFETCH,0.007835751288636419,0.06,0.34220627706532253,0.5775896813482734
inference_request,cache_thrash,structured,cross_socket,NUMA,0.0014503113648863806,0.020000000000000004,0.34220627706532253,0.5775896813482734
inference_request,cache_thrash,structured,cross_socket,THERMAL,0.0,0.03,0.34220627706532253,0.5775896813482734
inference_request,cache_thrash,structured,cross_socket,OS_FAULTS,0.0,0.0025000000000000005,0.34220627706532253,0.5775896813482734
inference_request,cache_thrash,adversarial,same_core,LLC,2.631130876976817,0.6649999999999999,4.946571977968814,0.6
inference_request,cache_thrash,adversarial,same_core,MEM_BW,0.762884187195033,0.24,4.946571977968814,0.6
inference_request,cache_thrash,adversarial,same_core,TLB,0.03651620134808714,0.06,4.946571977968814,0.6
inference_request,cache_thrash,adversarial,same_core,PREFETCH,0.11094574184545457,0.06,4.946571977968814,0.6
inference_request,cache_thrash,adversarial,same_core,NUMA,0.02585182729082039,0.020000000000000004,4.946571977968814,0.6
inference_request,cache_thrash,adversarial,same_core,THERMAL,0.0,0.03,4.946571977968814,0.6
inference_request,cache_thrash,adversarial,same_core,OS_FAULTS,0.0,0.0025000000000000005,4.946571977968814,0.6
inference_request,cache_thrash,adversarial,same_numa,LLC,1.1534438117275576,0.6649999999999999,2.0141736587691943,0.6
inference_request,cache_thrash,adversarial,same_numa,MEM_BW,0.40169886719661224,0.24,2.0141736587691943,0.6
inference_request,cache_thrash,adversarial,same_numa,TLB,0.021072768099589672,0.06,2.0141736587691943,0.6
inference_request,cache_thrash,adversarial,same_numa,PREFETCH,0.050916862091571126,0.06,2.0141736587691943,0.6
inference_request,cache_thrash,adversarial,same_numa,NUMA,0.010825506811518157,0.020000000000000004,2.0141736587691943,0.6
inference_request,cache_thrash,adversarial,same_numa,THERMAL,0.0,0.03,2.0141736587691943,0.6
inference_request,cache_thrash,adversarial,same_numa,OS_FAULTS,0.0,0.0025000000000000005,2.0141736587691943,0.6
inference_request,cache_thrash,adversarial,cross_socket,LLC,0.33123975227823876,0.6649999999999999,0.6218253686667612,0.6
inference_request,cache_thrash,adversarial,cross_socket,MEM_BW,0.15221540693959137,0.24,0.6218253686667612,0.6
inference_request,cache_thrash,adversarial,cross_socket,TLB,0.009172455069653192,0.06,0.6218253686667612,0.6
inference_request,cache_thrash,adversarial,cross_socket,PREFETCH,0.015671502577272838,0.06,0.6218253686667612,0.6
inference_request,cache_thrash,adversarial,cross_socket,NUMA,0.002900622729772761,0.020000000000000004,0.6218253686667612,0.6
inference_request,cache_thrash,adversarial,cross_socket,THERMAL,0.0,0.03,0.6218253686667612,0.6
inference_request,cache_thrash,adversarial,cross_socket,OS_FAULTS,0.0,0.0025000000000000005,0.6218253686667612,0.6
inference_request,membw_saturator,structured,same_core,LLC,0.24704597168334474,0.21,2.7483950805211514,0.6
inference_request,membw_saturator,structured,same_core,MEM_BW,1.8138742983733984,0.76,2.7483950805211514,0.6
inference_request,membw_saturator,structured,same_core,TLB,0.010954957790281128,0.045,2.7483950805211514,0.6
inference_request,membw_saturator,structured,same_core,PREFETCH,0.1261222515314176,0.12,2.7483950805211514,0.6
inference_request,membw_saturator,structured,same_core,NUMA,0.11602053453582416,0.12,2.7483950805211514,0.6
inference_request,membw_saturator,structured,same_core,THERMAL,0.0,0.045,2.7483950805211514,0.6
inference_request,membw_saturator,structured,same_core,OS_FAULTS,0.0,0.0025000000000000005,2.7483950805211514,0.6
inference_request,membw_saturator,structured,same_numa,LLC,0.10830082598467645,0.21,1.336833956038525,0.6
inference_request,membw_saturator,structured,same_numa,MEM_BW,0.955100738911197,0.76,1.336833956038525,0.6
inference_request,membw_saturator,structured,same_numa,TLB,0.006321886629302434,0.045,1.336833956038525,0.6
inference_request,membw_saturator,structured,same_numa,PREFETCH,0.05788189056276732,0.12,1.336833956038525,0.6
inference_request,membw_saturator,structured,same_numa,NUMA,0.048583841782802055,0.12,1.336833956038525,0.6
inference_request,membw_saturator,structured,same_numa,THERMAL,0.0,0.045,1.336833956038525,0.6
inference_request,membw_saturator,structured,same_numa,OS_FAULTS,0.0,0.0025000000000000005,1.336833956038525,0.6
inference_request,membw_saturator,structured,cross_socket,LLC,0.031101245163354496,0.21,0.5150869878276766,0.5558382124323588
inference_request,membw_saturator,structured,cross_socket,MEM_BW,0.36191550316350596,0.76,0.5150869878276766,0.5558382124323588
inference_request,membw_saturator,structured,cross_socket,TLB,0.002751760983116734,0.045,0.5150869878276766,0.5558382124323588
inference_request,membw_saturator,structured,cross_socket,PREFETCH,0.017815241550048207,0.12,0.5150869878276766,0.5558382124323588
inference_request,membw_saturator,structured,cross_socket,NUMA,0.0130177180827173,0.12,0.5150869878276766,0.5558382124323588
inference_request,membw_saturator,structured,cross_socket,THERMAL,0.0,0.045,0.5150869878276766,0.5558382124323588
inference_request,membw_saturator,structured,cross_socket,OS_FAULTS,0.0,0.0025000000000000005,0.5150869878276766,0.5558382124323588
inference_request,membw_saturator,adversarial,same_core,LLC,0.4940919433666895,0.21,6.125994294256075,0.6
inference_request,membw_saturator,adversarial,same_core,MEM_BW,3.627748596746797,0.76,6.125994294256075,0.6
inference_request,membw_saturator,adversarial,same_core,TLB,0.021909915580562257,0.045,6.125994294256075,0.6
inference_request,membw_saturator,adversarial,same_core,PREFETCH,0.2522445030628352,0.12,6.125994294256075,0.6
inference_request,membw_saturator,adversarial,same_core,NUMA,0.23204106907164831,0.12,6.125994294256075,0.6
inference_request,membw_saturator,adversarial,same_core,THERMAL,0.0,0.045,6.125994294256075,0.6
inference_request,membw_saturator,adversarial,same_core,OS_FAULTS,0.0,0.0025000000000000005,6.125994294256075,0.6
inference_request,membw_saturator,adversarial,same_numa,LLC,0.2166016519693529,0.21,2.7554074564126094,0.6
inference_request,membw_saturator,adversarial,same_numa,MEM_BW,1.910201477822394,0.76,2.7554074564126094,0.6
inference_request,membw_saturator,adversarial,same_numa,TLB,0.012643773258604867,0.045,2.7554074564126094,0.6
inference_request,membw_saturator,adversarial,same_numa,PREFETCH,0.11576378112553463,0.12,2.7554074564126094,0.6
inference_request,membw_saturator,adversarial,same_numa,NUMA,0.09716768356560411,0.12,2.7554074564126094,0.6
inference_request,membw_saturator,adversarial,same_numa,THERMAL,0.0,0.045,2.7554074564126094,0.6
inference_request,membw_saturator,adversarial,same_numa,OS_FAULTS,0.0,0.0025000000000000005,2.7554074564126094,0.6
inference_request,membw_saturator,adversarial,cross_socket,LLC,0.06220249032670899,0.21,0.9675950134252208,0.6
inference_request,membw_saturator,adversarial,cross_socket,MEM_BW,0.7238310063270119,0.76,0.9675950134252208,0.6
inference_request,membw_saturator,adversarial,cross_socket,TLB,0.005503521966233468,0.045,0.9675950134252208,0.6
inference_request,membw_saturator,adversarial,cross_socket,PREFETCH,0.035630483100096415,0.12,0.9675950134252208,0.6
inference_request,membw_saturator,adversarial,cross_socket,NUMA,0.0260354361654346,0.12,0.9675950134252208,0.6
inference_request,membw_saturator,adversarial,cross_socket,THERMAL,0.0,0.045,0.9675950134252208,0.6
inference_request,membw_saturator,adversarial,cross_socket,OS_FAULTS,0.0,0.0025000000000000005,0.9675950134252208,0.6
inference_request,tlb_stress,structured,same_core,LLC,0.14714262678665385,0.13999999999999999,0.9253683321579633,0.6
inference_request,tlb_stress,structured,same_core,MEM_BW,0.2345650738490153,0.16000000000000003,0.9253683321579633,0.6
inference_request,tlb_stress,structured,same_core,TLB,0.3589618012213622,0.285,0.9253683321579633,0.6
inference_request,tlb_stress,structured,same_core,PREFETCH,0.055472870922727284,0.06,0.9253683321579633,0.6
inference_request,tlb_stress,structured,same_core,NUMA,0.0465247532708092,0.06,0.9253683321579633,0.6
inference_request,tlb_stress,structured,same_core,THERMAL,0.0,0.015,0.9253683321579633,0.6
inference_request,tlb_stress,structured,same_core,OS_FAULTS,0.0,0.0075,0.9253683321579633,0.6
inference_request,tlb_stress,structured,same_numa,LLC,0.06450486891150525,0.13999999999999999,0.49600485067942374,0.6
inference_request,tlb_stress,structured,same_numa,MEM_BW,0.12351091558927597,0.16000000000000003,0.49600485067942374,0.6
inference_request,tlb_stress,structured,same_numa,TLB,0.20714966273853727,0.285,0.49600485067942374,0.6
inference_request,tlb_stress,structured,same_numa,PREFETCH,0.025458431045785563,0.06,0.49600485067942374,0.6
inference_request,tlb_stress,structured,same_numa,NUMA,0.019482337854554173,0.06,0.49600485067942374,0.6
inference_request,tlb_stress,structured,same_numa,THERMAL,0.0,0.015,0.49600485067942374,0.6
inference_request,tlb_stress,structured,same_numa,OS_FAULTS,0.0,0.0075,0.49600485067942374,0.6
inference_request,tlb_stress,structured,cross_socket,LLC,0.018524159201986367,0.13999999999999999,0.21713337496563848,0.536438253669516
inference_request,tlb_stress,structured,cross_socket,MEM_BW,0.04680188522588325,0.16000000000000003,0.21713337496563848,0.536438253669516
inference_request,tlb_stress,structured,cross_socket,TLB,0.09016712779181787,0.285,0.21713337496563848,0.536438253669516
inference_request,tlb_stress,structured,cross_socket,PREFETCH,0.007835751288636419,0.06,0.21713337496563848,0.536438253669516
inference_request,tlb_stress,structured,cross_socket,NUMA,0.005220163175169356,0.06,0.21713337496563848,0.536438253669516
inference_request,tlb_stress,structured,cross_socket,THERMAL,0.0,0.015,0.21713337496563848,0.536438253669516
inference_request,tlb_stress,structured,cross_socket,OS_FAULTS,0.0,0.0075,0.21713337496563848,0.536438253669516
inference_request,tlb_stress,adversarial,same_core,LLC,0.2942852535733077,0.13999999999999999,1.873189076530718,0.6
inference_request,tlb_stress,adversarial,same_core,MEM_BW,0.4691301476980306,0.16000000000000003,1.873189076530718,0.6
inference_request,tlb_stress,adversarial,same_core,TLB,0.7179236024427244,0.285,1.873189076530718,0.6
inference_request,tlb_stress,adversarial,same_core,PREFETCH,0.11094574184545457,0.06,1.873189076530718,0.6
inference_request,tlb_stress,adversarial,same_core,NUMA,0.0930495065416184,0.06,1.873189076530718,0.6
inference_request,tlb_stress,adversarial,same_core,THERMAL,0.0,0.015,1.873189076530718,0.6
inference_request,tlb_stress,adversarial,same_core,OS_FAULTS,0.0,0.0075,1.873189076530718,0.6
inference_request,tlb_stress,adversarial,same_numa,LLC,0.1290097378230105,0.13999999999999999,0.9608569704383786,0.6
inference_request,tlb_stress,adversarial,same_numa,MEM_BW,0.24702183117855195,0.16000000000000003,0.9608569704383786,0.6
inference_request,tlb_stress,adversarial,same_numa,TLB,0.41429932547707454,0.285,0.9608569704383786,0.6
inference_request,tlb_stress,adversarial,same_numa,PREFETCH,0.050916862091571126,0.06,0.9608569704383786,0.6
inference_request,tlb_stress,adversarial,same_numa,NUMA,0.038964675709108346,0.06,0.9608569704383786,0.6
inference_request,tlb_stress,adversarial,same_numa,THERMAL,0.0,0.015,0.9608569704383786,0.6
inference_request,tlb_stress,adversarial,same_numa,OS_FAULTS,0.0,0.0075,0.9608569704383786,0.6
inference_request,tlb_stress,adversarial,cross_socket,LLC,0.037048318403972734,0.13999999999999999,0.3884853264955674,0.6
inference_request,tlb_stress,adversarial,cross_socket,MEM_BW,0.0936037704517665,0.16000000000000003,0.3884853264955674,0.6
inference_request,tlb_stress,adversarial,cross_socket,TLB,0.18033425558363575,0.285,0.3884853264955674,0.6
inference_request,tlb_stress,adversarial,cross_socket,PREFETCH,0.015671502577272838,0.06,0.3884853264955674,0.6
inference_request,tlb_stress,adversarial,cross_socket,NUMA,0.010440326350338713,0.06,0.3884853264955674,0.6
inference_request,tlb_stress,adversarial,cross_socket,THERMAL,0.0,0.015,0.3884853264955674,0.6
inference_request,tlb_stress,adversarial,cross_socket,OS_FAULTS,0.0,0.0075,0.3884853264955674,0.6
inference_request,light_background,structured,same_core,LLC,0.0647183494098485,0.06999999999999999,0.23363617424090452,0.6
inference_request,light_background,structured,same_core,MEM_BW,0.10738455793274025,0.08000000000000002,0.23363617424090452,0.6
inference_request,light_background,structured,same_core,TLB,0.0019409018829385602,0.015,0.23363617424090452,0.6
inference_request,light_background,structured,same_core,PREFETCH,0.025825441062512507,0.03,0.23363617424090452,0.6
inference_request,light_background,structured,same_core,NUMA,0.012925913645410195,0.020000000000000004,0.23363617424090452,0.6
inference_request,light_background,structured,same_core,THERMAL,0.0,0.015,0.23363617424090452,0.6
inference_request,light_background,structured,same_core,OS_FAULTS,0.0,0.0075,0.23363617424090452,0.6
inference_request,light_background,structured,same_numa,LLC,0.028371442973518537,0.06999999999999999,0.12012899867735012,0.6
inference_request,light_background,structured,same_numa,MEM_BW,0.0565436484331833,0.08000000000000002,0.12012899867735012,0.6
inference_request,light_background,structured,same_numa,TLB,0.001120055585556238,0.015,0.12012899867735012,0.6
inference_request,light_background,structured,same_numa,PREFETCH,0.011852193686402583,0.03,0.12012899867735012,0.6
inference_request,light_background,structured,same_numa,NUMA,0.005412753405759078,0.020000000000000004,0.12012899867735012,0.6
inference_request,light_background,structured,same_numa,THERMAL,0.0,0.015,0.12012899867735012,0.6
inference_request,light_background,structured,same_numa,OS_FAULTS,0.0,0.0075,0.12012899867735012,0.6
inference_request,light_background,structured,cross_socket,LLC,0.008147557468143232,0.06999999999999999,0.05093493466595511,0.4482566229293216
inference_request,light_background,structured,cross_socket,MEM_BW,0.02142603616527891,0.08000000000000002,0.05093493466595511,0.4482566229293216
inference_request,light_background,structured,cross_socket,TLB,0.0004875325104644765,0.015,0.05093493466595511,0.4482566229293216
inference_request,light_background,structured,cross_socket,PREFETCH,0.003647940510724108,0.03,0.05093493466595511,0.4482566229293216
inference_request,light_background,structured,cross_socket,NUMA,0.0014503113648863806,0.020000000000000004,0.05093493466595511,0.4482566229293216
inference_request,light_background,structured,cross_socket,THERMAL,0.0,0.015,0.05093493466595511,0.4482566229293216
inference_request,light_background,structured,cross_socket,OS_FAULTS,0.0,0.0075,0.05093493466595511,0.4482566229293216
inference_request,light_background,adversarial,same_core,LLC,0.129436698819697,0.06999999999999999,0.4620043690967181,0.6
inference_request,light_background,adversarial,same_core,MEM_BW,0.2147691158654805,0.08000000000000002,0.4620043690967181,0.6
inference_request,light_background,adversarial,same_core,TLB,0.0038818037658771205,0.015,0.4620043690967181,0.6
inference_request,light_background,adversarial,same_core,PREFETCH,0.05165088212502501,0.03,0.4620043690967181,0.6
inference_request,light_background,adversarial,same_core,NUMA,0.02585182729082039,0.020000000000000004,0.4620043690967181,0.6
inference_request,light_background,adversarial,same_core,THERMAL,0.0,0.015,0.4620043690967181,0.6
inference_request,light_background,adversarial,same_core,OS_FAULTS,0.0,0.0075,0.4620043690967181,0.6
inference_request,light_background,adversarial,same_numa,LLC,0.056742885947037074,0.06999999999999999,0.22696580654056103,0.6
inference_request,light_background,adversarial,same_numa,MEM_BW,0.1130872968663666,0.08000000000000002,0.22696580654056103,0.6
inference_request,light_background,adversarial,same_numa,TLB,0.002240111171112476,0.015,0.22696580654056103,0.6
inference_request,light_background,adversarial,same_numa,PREFETCH,0.023704387372805166,0.03,0.22696580654056103,0.6
inference_request,light_background,adversarial,same_numa,NUMA,0.010825506811518157,0.020000000000000004,0.22696580654056103,0.6
inference_request,light_background,adversarial,same_numa,THERMAL,0.0,0.015,0.22696580654056103,0.6
inference_request,light_background,adversarial,same_numa,OS_FAULTS,0.0,0.0075,0.22696580654056103,0.6
inference_request,light_background,adversarial,cross_socket,LLC,0.016295114936286464,0.06999999999999999,0.08647098262482622,0.6
inference_request,light_background,adversarial,cross_socket,MEM_BW,0.04285207233055782,0.08000000000000002,0.08647098262482622,0.6
inference_request,light_background,adversarial,cross_socket,TLB,0.000975065020928953,0.015,0.08647098262482622,0.6
inference_request,light_background,adversarial,cross_socket,PREFETCH,0.007295881021448216,0.03,0.08647098262482622,0.6
inference_request,light_background,adversarial,cross_socket,NUMA,0.002900622729772761,0.020000000000000004,0.08647098262482622,0.6
inference_request,light_background,adversarial,cross_socket,THERMAL,0.0,0.015,0.08647098262482622,0.6
inference_request,light_background,adversarial,cross_socket,OS_FAULTS,0.0,0.0075,0.08647098262482622,0.6
