drift_type,magnitude,repeat,naive_bias,irbs_bias,naive_rmse,irbs_rmse
none,0.0,0,123994.03933919952,59642.06027007525,83020.80340186063,89253.61105601105
none,0.0,1,-57118.68257628131,-83711.32818585783,83020.80340186063,89253.61105601105
none,0.0,2,-52632.063747649314,-114951.14405410625,83020.80340186063,89253.61105601105
none,0.0,3,-47949.65123574721,-54694.66459169646,83020.80340186063,89253.61105601105
none,0.0,4,-43180.51650798286,-92322.12216592008,83020.80340186063,89253.61105601105
none,0.0,5,-19453.98889280818,-111753.71363420624,83020.80340186063,89253.61105601105
none,0.0,6,7058.047549209499,-23132.664804831613,83020.80340186063,89253.61105601105
none,0.0,7,146229.14977618997,-13238.128462881374,83020.80340186063,89253.61105601105
none,0.0,8,-91733.77964126467,38189.12845235827,83020.80340186063,89253.61105601105
none,0.0,9,-83498.42642004101,106654.05345531213,83020.80340186063,89253.61105601105
none,0.0,10,-42790.451773890236,-68914.6311445513,83020.80340186063,89253.61105601105
none,0.0,11,159962.4561212558,-68034.87706792305,83020.80340186063,89253.61105601105
none,0.0,12,-19244.285672332917,216595.76434955662,83020.80340186063,89253.61105601105
none,0.0,13,-95802.04442132122,-80272.80021969823,83020.80340186063,89253.61105601105
none,0.0,14,-83717.0794391323,-44428.85121914247,83020.80340186063,89253.61105601105
none,0.0,15,132754.50120923205,-103454.06202878284,83020.80340186063,89253.61105601105
none,0.0,16,-50200.480814999086,-74471.48309244993,83020.80340186063,89253.61105601105
none,0.0,17,28184.004751613655,-103387.04959001414,83020.80340186063,89253.61105601105
none,0.0,18,-88535.99135924265,-20745.620031267375,83020.80340186063,89253.61105601105
none,0.0,19,-48240.01489574823,-76945.61466943574,83020.80340186063,89253.61105601105
none,0.05,0,-97333.77993995884,-43347.74641780372,70705.37249959505,95034.33754744756
none,0.05,1,-106476.73919371206,-85145.69187660297,70705.37249959505,95034.33754744756
none,0.05,2,-28953.16451050999,56613.79355986943,70705.37249959505,95034.33754744756
none,0.05,3,-65861.97823276755,-54904.99521490955,70705.37249959505,95034.33754744756
none,0.05,4,-80151.39122745747,-79178.90005536389,70705.37249959505,95034.33754744756
none,0.05,5,-15541.34277266552,-74308.74018521729,70705.37249959505,95034.33754744756
none,0.05,6,-13748.477201379574,-19890.618716783676,70705.37249959505,95034.33754744756
none,0.05,7,-40895.314130465646,-84498.7780937143,70705.37249959505,95034.33754744756
none,0.05,8,-25473.34441255522,168615.31860270552,70705.37249959505,95034.33754744756
none,0.05,9,-77862.50675116826,-104212.0015663915,70705.37249959505,95034.33754744756
none,0.05,10,-64916.23709985617,-80277.08312313765,70705.37249959505,95034.33754744756
none,0.05,11,-87117.64406833827,-82249.11309422465,70705.37249959505,95034.33754744756
none,0.05,12,-45869.35749041813,22333.973505099013,70705.37249959505,95034.33754744756
none,0.05,13,-67761.36260835058,-116290.26291229458,70705.37249959505,95034.33754744756
none,0.05,14,-112652.45503613146,-24191.08906450597,70705.37249959505,95034.33754744756
none,0.05,15,-25766.596843288396,255191.14582256062,70705.37249959505,95034.33754744756
none,0.05,16,-31679.05602553682,-18950.73114208941,70705.37249959505,95034.33754744756
none,0.05,17,-75105.39678172482,-87022.63333118643,70705.37249959505,95034.33754744756
none,0.05,18,-90901.37624227985,-70852.54607316837,70705.37249959505,95034.33754744756
none,0.05,19,-109535.0237880638,-27794.52715334759,70705.37249959505,95034.33754744756
none,0.1,0,-65452.44795021447,135553.59745368207,75529.92416821749,80130.3967225273
none,0.1,1,-35778.291938382376,86531.43582128503,75529.92416821749,80130.3967225273
none,0.1,2,-8429.245776350435,19475.535689452692,75529.92416821749,80130.3967225273
none,0.1,3,23220.200615527836,-32100.59446912259,75529.92416821749,80130.3967225273
none,0.1,4,-84134.47264652312,-21787.069390178716,75529.92416821749,80130.3967225273
none,0.1,5,-53867.311205312755,-86295.1147345778,75529.92416821749,80130.3967225273
none,0.1,6,-117962.57849425412,-97753.8900260577,75529.92416821749,80130.3967225273
none,0.1,7,-98073.16905770336,-46296.44090952529,75529.92416821749,80130.3967225273
none,0.1,8,-53818.39141538108,-70456.51756470607,75529.92416821749,80130.3967225273
none,0.1,9,-94610.64655936604,-51150.30616517158,75529.92416821749,80130.3967225273
none,0.1,10,-85392.24333178991,-28252.94682600393,75529.92416821749,80130.3967225273
none,0.1,11,-38811.68135438391,-134267.8599421989,75529.92416821749,80130.3967225273
none,0.1,12,83235.37080419951,-81773.3397384157,75529.92416821749,80130.3967225273
none,0.1,13,-88371.39247926555,96124.12821997909,75529.92416821749,80130.3967225273
none,0.1,14,-40707.67602013648,-116265.05220176841,75529.92416821749,80130.3967225273
none,0.1,15,2978.2583616932097,-113660.31095748454,75529.92416821749,80130.3967225273
none,0.1,16,-75097.81342694958,-26541.322071072325,75529.92416821749,80130.3967225273
none,0.1,17,-106170.61219976174,-62051.11754277747,75529.92416821749,80130.3967225273
none,0.1,18,-12786.885386972746,-90402.73195144392,75529.92416821749,80130.3967225273
none,0.1,19,142416.5069363685,-5266.544839113456,75529.92416821749,80130.3967225273
none,0.15,0,-56237.48992511013,99215.27125756591,74902.15524843562,77403.82087096272
none,0.15,1,-111603.92489062372,-89277.58069263631,74902.15524843562,77403.82087096272
none,0.15,2,-123531.57827490968,-32790.09761289376,74902.15524843562,77403.82087096272
none,0.15,3,-119064.73244489582,95839.2350146758,74902.15524843562,77403.82087096272
none,0.15,4,-95774.30750515894,-104683.88375461537,74902.15524843562,77403.82087096272
none,0.15,5,-75326.14783846572,-18561.02388404432,74902.15524843562,77403.82087096272
none,0.15,6,-21560.3431456541,-78550.01976990487,74902.15524843562,77403.82087096272
none,0.15,7,-89017.6165637546,15756.473659602372,74902.15524843562,77403.82087096272
none,0.15,8,-4839.981729513762,-53004.87629616028,74902.15524843562,77403.82087096272
none,0.15,9,-28944.794378687016,-109611.586975869,74902.15524843562,77403.82087096272
none,0.15,10,-58264.145599215844,-98390.24008886014,74902.15524843562,77403.82087096272
none,0.15,11,-60377.039616822265,-83071.24624178992,74902.15524843562,77403.82087096272
none,0.15,12,-30886.799275432946,-11972.35653935402,74902.15524843562,77403.82087096272
none,0.15,13,-85795.87143035917,-105800.70541873811,74902.15524843562,77403.82087096272
none,0.15,14,-58183.0514549599,-116867.43413949743,74902.15524843562,77403.82087096272
none,0.15,15,-21508.08321371631,-17089.535602367454,74902.15524843562,77403.82087096272
none,0.15,16,-114466.77800569704,19702.59201606136,74902.15524843562,77403.82087096272
none,0.15,17,-80873.36647345315,31821.841208114958,74902.15524843562,77403.82087096272
none,0.15,18,-47408.33994466867,-118853.757269936,74902.15524843562,77403.82087096272
none,0.15,19,-44289.53641790961,-42556.11669136642,74902.15524843562,77403.82087096272
none,0.2,0,-54292.73335564049,-68076.07096684855,73209.28532678209,61533.58445147346
none,0.2,1,-97851.51904800693,-58945.1329775787,73209.28532678209,61533.58445147346
none,0.2,2,-61561.49666030897,-76197.61308715047,73209.28532678209,61533.58445147346
none,0.2,3,64937.36211059909,49351.235767168895,73209.28532678209,61533.58445147346
none,0.2,4,-19652.2802221429,-9461.99815780393,73209.28532678209,61533.58445147346
none,0.2,5,-21496.23285852722,-103682.35616604284,73209.28532678209,61533.58445147346
none,0.2,6,-81198.61732211633,-8233.164658385416,73209.28532678209,61533.58445147346
none,0.2,7,-41096.23229794434,-54527.70032114402,73209.28532678209,61533.58445147346
none,0.2,8,-5783.317209868226,-17199.03949317141,73209.28532678209,61533.58445147346
none,0.2,9,57724.918152258004,-28384.424722989585,73209.28532678209,61533.58445147346
none,0.2,10,-60831.80524696564,-81928.51406933088,73209.28532678209,61533.58445147346
none,0.2,11,-6446.494915325922,-68623.30457870715,73209.28532678209,61533.58445147346
none,0.2,12,100216.43573087317,-9809.460411587235,73209.28532678209,61533.58445147346
none,0.2,13,-84775.09820784885,-24940.49187800972,73209.28532678209,61533.58445147346
none,0.2,14,187004.516316651,-107082.78885528572,73209.28532678209,61533.58445147346
none,0.2,15,-80799.06979206912,106771.49562671126,73209.28532678209,61533.58445147346
none,0.2,16,71702.67037066494,-72917.39470219397,73209.28532678209,61533.58445147346
none,0.2,17,-36214.298809619824,-39857.84755416427,73209.28532678209,61533.58445147346
none,0.2,18,-59066.763053031755,-25886.29846233831,73209.28532678209,61533.58445147346
none,0.2,19,-41876.4134681469,-42576.725847327994,73209.28532678209,61533.58445147346
none,0.3,0,-5552.063521989156,-112605.57122560745,98945.35622143507,58285.67467475418
none,0.3,1,-127276.37396918071,19526.098840283463,98945.35622143507,58285.67467475418
none,0.3,2,-44177.37499889964,18199.930593163008,98945.35622143507,58285.67467475418
none,0.3,3,-88819.58341882538,21234.301592349104,98945.35622143507,58285.67467475418
none,0.3,4,-18642.773064894922,17141.471826159337,98945.35622143507,58285.67467475418
none,0.3,5,-311.0744231241988,-14667.6952506151,98945.35622143507,58285.67467475418
none,0.3,6,-111274.521784987,-86601.7848348651,98945.35622143507,58285.67467475418
none,0.3,7,-97801.70531255902,40473.86360602986,98945.35622143507,58285.67467475418
none,0.3,8,-77463.03138186721,-28022.682842392795,98945.35622143507,58285.67467475418
none,0.3,9,-32476.467910113075,-22058.482275479502,98945.35622143507,58285.67467475418
none,0.3,10,-5714.955849552556,-48674.498008111696,98945.35622143507,58285.67467475418
none,0.3,11,-99150.09396774361,-28138.075802527805,98945.35622143507,58285.67467475418
none,0.3,12,-85936.4953753881,-17844.098388517654,98945.35622143507,58285.67467475418
none,0.3,13,-114693.813326834,-129697.62318473174,98945.35622143507,58285.67467475418
none,0.3,14,269906.20861078415,-57608.193172903586,98945.35622143507,58285.67467475418
none,0.3,15,-57599.85556021202,14057.463534282753,98945.35622143507,58285.67467475418
none,0.3,16,-66397.63964742579,-39233.59199963859,98945.35622143507,58285.67467475418
none,0.3,17,132055.0184062854,-97560.89502924368,98945.35622143507,58285.67467475418
none,0.3,18,-81214.89295161256,-57847.80541667648,98945.35622143507,58285.67467475418
none,0.3,19,-73277.7866245163,-70435.98901471382,98945.35622143507,58285.67467475418
slow_ramp,0.0,0,-64133.70816477874,30208.766605112673,69733.14345144002,71127.61127822
slow_ramp,0.0,1,-43692.83582124367,-105120.49372203005,69733.14345144002,71127.61127822
slow_ramp,0.0,2,-128359.9450706612,47398.810614389105,69733.14345144002,71127.61127822
slow_ramp,0.0,3,-15803.478101812158,-63219.84303720901,69733.14345144002,71127.61127822
slow_ramp,0.0,4,2745.697881496075,-60883.834090680524,69733.14345144002,71127.61127822
slow_ramp,0.0,5,-68435.74302507428,63376.58332241894,69733.14345144002,71127.61127822
slow_ramp,0.0,6,-130775.1441250669,-54594.27338362191,69733.14345144002,71127.61127822
slow_ramp,0.0,7,-44492.33507729016,23658.778765169962,69733.14345144002,71127.61127822
slow_ramp,0.0,8,-70391.97454391597,-133302.24239956925,69733.14345144002,71127.61127822
slow_ramp,0.0,9,-52134.854060632526,-54503.14748019489,69733.14345144002,71127.61127822
slow_ramp,0.0,10,-103955.83645505353,-114810.21435558397,69733.14345144002,71127.61127822
slow_ramp,0.0,11,-91327.06973393032,2518.957265862089,69733.14345144002,71127.61127822
slow_ramp,0.0,12,-78641.65584643665,-63931.85150788198,69733.14345144002,71127.61127822
slow_ramp,0.0,13,-12893.84755573381,-45766.71747590092,69733.14345144002,71127.61127822
slow_ramp,0.0,14,29264.37115454345,-89539.49654665808,69733.14345144002,71127.61127822
slow_ramp,0.0,15,567.5146923683351,-22152.8698682712,69733.14345144002,71127.61127822
slow_ramp,0.0,16,46003.431043293705,-116461.82094284311,69733.14345144002,71127.61127822
slow_ramp,0.0,17,-1561.8675939922978,-32184.860464781494,69733.14345144002,71127.61127822
slow_ramp,0.0,18,-83694.59820654886,-91731.63474086492,69733.14345144002,71127.61127822
slow_ramp,0.0,19,-87073.28925293672,9004.596134085674,69733.14345144002,71127.61127822
slow_ramp,0.05,0,-32390.91820845459,-8051.489674669778,69802.45833119839,62232.63551069755
slow_ramp,0.05,1,-22359.191624862957,30827.27719500978,69802.45833119839,62232.63551069755
slow_ramp,0.05,2,-124492.98020422025,-93625.5245647814,69802.45833119839,62232.63551069755
slow_ramp,0.05,3,-8616.226613556966,-41713.74423435729,69802.45833119839,62232.63551069755
slow_ramp,0.05,4,-111039.78241251239,-106254.29291727605,69802.45833119839,62232.63551069755
slow_ramp,0.05,5,-78266.74708284385,62180.46452493363,69802.45833119839,62232.63551069755
slow_ramp,0.05,6,-14858.283561707387,12978.871058208257,69802.45833119839,62232.63551069755
slow_ramp,0.05,7,51599.80338698029,-44324.89719555483,69802.45833119839,62232.63551069755
slow_ramp,0.05,8,-4889.789177819708,135613.05140975394,69802.45833119839,62232.63551069755
slow_ramp,0.05,9,-97354.62111234016,44852.02785842572,69802.45833119839,62232.63551069755
slow_ramp,0.05,10,-22952.510851445608,101336.03149761047,69802.45833119839,62232.63551069755
slow_ramp,0.05,11,-62873.10539424748,-45374.679633444175,69802.45833119839,62232.63551069755
slow_ramp,0.05,12,-50718.460652424255,-1914.2076607477793,69802.45833119839,62232.63551069755
slow_ramp,0.05,13,-36522.94553802363,-34886.718254133564,69802.45833119839,62232.63551069755
slow_ramp,0.05,14,-76119.15009570363,-61942.3196566166,69802.45833119839,62232.63551069755
slow_ramp,0.05,15,-124692.55111311852,-28615.733857529325,69802.45833119839,62232.63551069755
slow_ramp,0.05,16,-60428.03764341865,12854.058201310923,69802.45833119839,62232.63551069755
slow_ramp,0.05,17,-93293.31003746645,-53215.644671783346,69802.45833119839,62232.63551069755
slow_ramp,0.05,18,-64936.999697324005,-75051.34917107227,69802.45833119839,62232.63551069755
slow_ramp,0.05,19,-56432.84581999111,-37560.76412647986,69802.45833119839,62232.63551069755
slow_ramp,0.1,0,-74273.44305731074,-55.67470840542228,85459.39956159047,92587.97033118639
slow_ramp,0.1,1,-123869.2443640233,24943.72168915512,85459.39956159047,92587.97033118639
slow_ramp,0.1,2,-74512.09345291363,296060.70109057217,85459.39956159047,92587.97033118639
slow_ramp,0.1,3,-54176.104190519254,-100603.69612675362,85459.39956159047,92587.97033118639
slow_ramp,0.1,4,-45668.18702747076,-77823.28859475843,85459.39956159047,92587.97033118639
slow_ramp,0.1,5,-104233.55709199392,-56212.62241170133,85459.39956159047,92587.97033118639
slow_ramp,0.1,6,-76355.30224361864,-60870.843138575554,85459.39956159047,92587.97033118639
slow_ramp,0.1,7,5256.504328264215,-81651.19878662829,85459.39956159047,92587.97033118639
slow_ramp,0.1,8,21796.67229089368,-124169.93636425445,85459.39956159047,92587.97033118639
slow_ramp,0.1,9,-110130.58296238045,6501.809459611424,85459.39956159047,92587.97033118639
slow_ramp,0.1,10,117878.06763766948,47008.196642861556,85459.39956159047,92587.97033118639
slow_ramp,0.1,11,180985.83516177177,-64975.472617700434,85459.39956159047,92587.97033118639
slow_ramp,0.1,12,-58514.7386155868,3017.4002239769034,85459.39956159047,92587.97033118639
slow_ramp,0.1,13,-47679.67784981278,-98238.20169856309,85459.39956159047,92587.97033118639
slow_ramp,0.1,14,-104118.41361438908,-88301.43110475963,85459.39956159047,92587.97033118639
slow_ramp,0.1,15,-32834.788702852384,-75918.52023092203,85459.39956159047,92587.97033118639
slow_ramp,0.1,16,-97712.75326317945,-12199.011430832034,85459.39956159047,92587.97033118639
slow_ramp,0.1,17,-62817.785866106424,-41802.03330606216,85459.39956159047,92587.97033118639
slow_ramp,0.1,18,-75316.68213275252,-80263.87266169689,85459.39956159047,92587.97033118639
slow_ramp,0.1,19,-43283.46171744744,3968.8166229094495,85459.39956159047,92587.97033118639
slow_ramp,0.15,0,-83723.89998721026,-44497.3447396594,74571.58541068686,68386.76559950534
slow_ramp,0.15,1,-51161.38300556681,-82080.27708431892,74571.58541068686,68386.76559950534
slow_ramp,0.15,2,-91877.07534208048,-82361.56872704846,74571.58541068686,68386.76559950534
slow_ramp,0.15,3,-51447.43459656119,-122453.9482390883,74571.58541068686,68386.76559950534
slow_ramp,0.15,4,-91242.23986949214,-86517.94779774972,74571.58541068686,68386.76559950534
slow_ramp,0.15,5,-79313.74382042463,-120183.0154413565,74571.58541068686,68386.76559950534
slow_ramp,0.15,6,-86119.77740788486,-13710.083302042447,74571.58541068686,68386.76559950534
slow_ramp,0.15,7,-113413.82539825229,-266.00713119647116,74571.58541068686,68386.76559950534
slow_ramp,0.15,8,55321.138764866366,-69902.65892482031,74571.58541068686,68386.76559950534
slow_ramp,0.15,9,-113267.87497174737,46728.279674810154,74571.58541068686,68386.76559950534
slow_ramp,0.15,10,-57363.807390364906,-35430.247277483984,74571.58541068686,68386.76559950534
slow_ramp,0.15,11,-98678.12975554659,-54335.76440054437,74571.58541068686,68386.76559950534
slow_ramp,0.15,12,-80444.77796056392,-94570.93452937045,74571.58541068686,68386.76559950534
slow_ramp,0.15,13,-97317.44918530968,-78551.57440739172,74571.58541068686,68386.76559950534
slow_ramp,0.15,14,63816.54361611363,-83448.94229465607,74571.58541068686,68386.76559950534
slow_ramp,0.15,15,-70558.27557201195,48939.55403049596,74571.58541068686,68386.76559950534
slow_ramp,0.15,16,-21507.436650224292,8009.02536522111,74571.58541068686,68386.76559950534
slow_ramp,0.15,17,15285.706438165042,45803.01224461416,74571.58541068686,68386.76559950534
slow_ramp,0.15,18,4535.611673652718,-39452.457266059675,74571.58541068686,68386.76559950534
slow_ramp,0.15,19,31304.969362535106,-38119.4930177012,74571.58541068686,68386.76559950534
slow_ramp,0.2,0,-137102.51831306296,-9212.870647314965,65633.09948634074,62622.62550037353
slow_ramp,0.2,1,-74988.3784600705,-77147.89534972559,65633.09948634074,62622.62550037353
slow_ramp,0.2,2,3633.7615265670465,-76828.02526456775,65633.09948634074,62622.62550037353
slow_ramp,0.2,3,-59242.59231894254,-35174.551899041166,65633.09948634074,62622.62550037353
slow_ramp,0.2,4,-32271.9986212145,-77177.8815198814,65633.09948634074,62622.62550037353
slow_ramp,0.2,5,-28367.677798482124,11451.972824369906,65633.09948634074,62622.62550037353
slow_ramp,0.2,6,-100227.24020380373,-111797.94052003608,65633.09948634074,62622.62550037353
slow_ramp,0.2,7,-40124.81355530041,-84417.39423652238,65633.09948634074,62622.62550037353
slow_ramp,0.2,8,-80206.82444413961,-54041.210296701436,65633.09948634074,62622.62550037353
slow_ramp,0.2,9,-17377.35522257685,-60523.523187707644,65633.09948634074,62622.62550037353
slow_ramp,0.2,10,-92387.76593447504,-6683.8797929818975,65633.09948634074,62622.62550037353
slow_ramp,0.2,11,40808.66806127399,-72487.99857091089,65633.09948634074,62622.62550037353
slow_ramp,0.2,12,-87133.98888216392,-97600.01071730132,65633.09948634074,62622.62550037353
slow_ramp,0.2,13,25273.53495320314,43196.76162910773,65633.09948634074,62622.62550037353
slow_ramp,0.2,14,-60745.832914400904,46834.63802240617,65633.09948634074,62622.62550037353
slow_ramp,0.2,15,-104762.28447873307,-86766.11161101022,65633.09948634074,62622.62550037353
slow_ramp,0.2,16,-39305.22105566837,-12369.56735569815,65633.09948634074,62622.62550037353
slow_ramp,0.2,17,4866.622830478358,-11248.675601160008,65633.09948634074,62622.62550037353
slow_ramp,0.2,18,-31048.084875234577,-44945.053337537596,65633.09948634074,62622.62550037353
slow_ramp,0.2,19,-48418.212389875436,-65167.877251959755,65633.09948634074,62622.62550037353
slow_ramp,0.3,0,80719.79354821859,-73496.33215446395,67203.17374181136,78533.24191515622
slow_ramp,0.3,1,-29543.25067282992,-12219.550705350295,67203.17374181136,78533.24191515622
slow_ramp,0.3,2,-51563.97015493366,-82310.59641934949,67203.17374181136,78533.24191515622
slow_ramp,0.3,3,-112464.79189829045,-63168.77304260252,67203.17374181136,78533.24191515622
slow_ramp,0.3,4,-49953.99880342046,-115841.81145446052,67203.17374181136,78533.24191515622
slow_ramp,0.3,5,-92653.09917072688,-57055.83751491018,67203.17374181136,78533.24191515622
slow_ramp,0.3,6,-14175.400275139371,-103414.0142777085,67203.17374181136,78533.24191515622
slow_ramp,0.3,7,-47699.47254369638,-78979.95337191221,67203.17374181136,78533.24191515622
slow_ramp,0.3,8,-57885.48583358602,72720.24737541689,67203.17374181136,78533.24191515622
slow_ramp,0.3,9,66642.64215304251,-55560.4581740681,67203.17374181136,78533.24191515622
slow_ramp,0.3,10,91436.80289031574,-25038.776438469504,67203.17374181136,78533.24191515622
slow_ramp,0.3,11,-87804.92960600427,-44207.49264980049,67203.17374181136,78533.24191515622
slow_ramp,0.3,12,35915.66710290621,-73091.30176729918,67203.17374181136,78533.24191515622
slow_ramp,0.3,13,29171.264741579536,-106736.53100483112,67203.17374181136,78533.24191515622
slow_ramp,0.3,14,-90666.9395167659,-98244.69668881565,67203.17374181136,78533.24191515622
slow_ramp,0.3,15,48704.25455540858,-43664.75802981926,67203.17374181136,78533.24191515622
slow_ramp,0.3,16,-71472.43891503516,-127655.21668672029,67203.17374181136,78533.24191515622
slow_ramp,0.3,17,-102765.06614304768,-64393.22215506452,67203.17374181136,78533.24191515622
slow_ramp,0.3,18,-19747.790794030734,-51337.75620511742,67203.17374181136,78533.24191515622
slow_ramp,0.3,19,-37665.422604127816,-105347.30569206449,67203.17374181136,78533.24191515622
abrupt_shift,0.0,0,-8143.48147811176,-26594.151557783334,71328.80272958113,58792.893989658325
abrupt_shift,0.0,1,-88663.6058770676,-82229.21853650786,71328.80272958113,58792.893989658325
abrupt_shift,0.0,2,32366.03439553466,25220.060842542094,71328.80272958113,58792.893989658325
abrupt_shift,0.0,3,-65841.970804357,-42961.59792002276,71328.80272958113,58792.893989658325
abrupt_shift,0.0,4,-66987.5739879038,-55238.1218828258,71328.80272958113,58792.893989658325
abrupt_shift,0.0,5,-82771.45533106994,-90746.18135902201,71328.80272958113,58792.893989658325
abrupt_shift,0.0,6,-53613.34012809076,39983.156676125946,71328.80272958113,58792.893989658325
abrupt_shift,0.0,7,-89384.3278697101,1371.6663187251834,71328.80272958113,58792.893989658325
abrupt_shift,0.0,8,-51006.62328818237,40414.06840155175,71328.80272958113,58792.893989658325
abrupt_shift,0.0,9,-92935.02755097559,-56533.65122905621,71328.80272958113,58792.893989658325
abrupt_shift,0.0,10,-27057.649808687565,-40439.90199077173,71328.80272958113,58792.893989658325
abrupt_shift,0.0,11,-120503.98362773421,-25198.10214732666,71328.80272958113,58792.893989658325
abrupt_shift,0.0,12,-122917.57483232557,-67096.76711959895,71328.80272958113,58792.893989658325
abrupt_shift,0.0,13,29027.66369821885,-16190.781435358076,71328.80272958113,58792.893989658325
abrupt_shift,0.0,14,-66457.59794165895,-131880.51123156212,71328.80272958113,58792.893989658325
abrupt_shift,0.0,15,-100212.56294811153,-70902.92174612285,71328.80272958113,58792.893989658325
abrupt_shift,0.0,16,-7091.125990903849,-46711.09830459033,71328.80272958113,58792.893989658325
abrupt_shift,0.0,17,-64894.215821671736,-52623.43919892647,71328.80272958113,58792.893989658325
abrupt_shift,0.0,18,-17060.00528947939,-52071.94116135186,71328.80272958113,58792.893989658325
abrupt_shift,0.0,19,69197.35601275021,-65944.35762512035,71328.80272958113,58792.893989658325
abrupt_shift,0.05,0,-1334.394588953408,-110895.0086974194,85382.63841306012,72721.99915766923
abrupt_shift,0.05,1,-101542.60588224813,-75046.54171058943,85382.63841306012,72721.99915766923
abrupt_shift,0.05,2,-74559.56558123216,-2510.076231985033,85382.63841306012,72721.99915766923
abrupt_shift,0.05,3,-81996.33173456008,-4927.939512465615,85382.63841306012,72721.99915766923
abrupt_shift,0.05,4,-90689.78674081618,-79347.43605599573,85382.63841306012,72721.99915766923
abrupt_shift,0.05,5,-2112.280240649212,-81093.56399291291,85382.63841306012,72721.99915766923
abrupt_shift,0.05,6,129556.66454836851,-62326.98825221122,85382.63841306012,72721.99915766923
abrupt_shift,0.05,7,-97234.15152586113,-112800.51479282037,85382.63841306012,72721.99915766923
abrupt_shift,0.05,8,99441.94906240769,-63248.40558869866,85382.63841306012,72721.99915766923
abrupt_shift,0.05,9,-105260.90709182006,-19004.65910784868,85382.63841306012,72721.99915766923
abrupt_shift,0.05,10,-97387.66115987297,-86965.09937622416,85382.63841306012,72721.99915766923
abrupt_shift,0.05,11,-93199.66618190463,-92362.35889984338,85382.63841306012,72721.99915766923
abrupt_shift,0.05,12,-127091.71872197928,-45059.53867585596,85382.63841306012,72721.99915766923
abrupt_shift,0.05,13,-47007.93067993209,-81737.91687994648,85382.63841306012,72721.99915766923
abrupt_shift,0.05,14,-90783.51873217817,-68529.36355270777,85382.63841306012,72721.99915766923
abrupt_shift,0.05,15,-98996.27540675103,-98146.34297022865,85382.63841306012,72721.99915766923
abrupt_shift,0.05,16,-76676.92433655553,-105262.15964023539,85382.63841306012,72721.99915766923
abrupt_shift,0.05,17,-41414.901370102394,-28388.866887776443,85382.63841306012,72721.99915766923
abrupt_shift,0.05,18,-25568.020153037825,21075.877522601222,85382.63841306012,72721.99915766923
abrupt_shift,0.05,19,-70348.12440338443,50027.77933024234,85382.63841306012,72721.99915766923
abrupt_shift,0.1,0,-35864.49045696776,9953.821326172329,52275.001812981136,71963.50649334794
abrupt_shift,0.1,1,-62431.89593679641,-8929.72369628321,52275.001812981136,71963.50649334794
abrupt_shift,0.1,2,-55690.74490207629,61164.877554825594,52275.001812981136,71963.50649334794
abrupt_shift,0.1,3,-31439.66729770403,-91315.12750619452,52275.001812981136,71963.50649334794
abrupt_shift,0.1,4,-54209.16912403534,29726.935562280967,52275.001812981136,71963.50649334794
abrupt_shift,0.1,5,-68926.16503362273,8842.61535946405,52275.001812981136,71963.50649334794
abrupt_shift,0.1,6,-36651.08911622944,-34870.906160967366,52275.001812981136,71963.50649334794
abrupt_shift,0.1,7,-519.38682078704,-126717.5321678736,52275.001812981136,71963.50649334794
abrupt_shift,0.1,8,-18978.173219358985,-89416.97834919748,52275.001812981136,71963.50649334794
abrupt_shift,0.1,9,32401.129475604423,-114121.0028552248,52275.001812981136,71963.50649334794
abrupt_shift,0.1,10,-52228.10560461355,-134.8876281682751,52275.001812981136,71963.50649334794
abrupt_shift,0.1,11,-49476.08602671974,-132326.4419872641,52275.001812981136,71963.50649334794
abrupt_shift,0.1,12,-79138.01838574169,-39093.77020072541,52275.001812981136,71963.50649334794
abrupt_shift,0.1,13,-55562.65455106518,-101476.26942874336,52275.001812981136,71963.50649334794
abrupt_shift,0.1,14,-45467.30787468949,-51129.37146575903,52275.001812981136,71963.50649334794
abrupt_shift,0.1,15,-54508.88984190379,-22204.499783010047,52275.001812981136,71963.50649334794
abrupt_shift,0.1,16,-14717.796151691495,-81918.57134602682,52275.001812981136,71963.50649334794
abrupt_shift,0.1,17,-67284.02131182872,-67248.89907308848,52275.001812981136,71963.50649334794
abrupt_shift,0.1,18,3085.649454103521,-74516.56017441937,52275.001812981136,71963.50649334794
abrupt_shift,0.1,19,-103049.07846458841,-53227.987378799706,52275.001812981136,71963.50649334794
abrupt_shift,0.15,0,25688.73611495836,280446.9016562803,76386.68810208581,84149.93401448596
abrupt_shift,0.15,1,-37049.802152428194,15914.234835803712,76386.68810208581,84149.93401448596
abrupt_shift,0.15,2,-87516.39217871975,-50152.75528695379,76386.68810208581,84149.93401448596
abrupt_shift,0.15,3,-66378.88765561112,19280.526988005673,76386.68810208581,84149.93401448596
abrupt_shift,0.15,4,-71093.5693694714,-55186.58929258594,76386.68810208581,84149.93401448596
abrupt_shift,0.15,5,-138710.18157871923,-86710.62206641884,76386.68810208581,84149.93401448596
abrupt_shift,0.15,6,-62266.85933660518,-22700.70215201337,76386.68810208581,84149.93401448596
abrupt_shift,0.15,7,-35634.72753636833,-59449.094582342834,76386.68810208581,84149.93401448596
abrupt_shift,0.15,8,-34929.82970432643,-8670.648486933671,76386.68810208581,84149.93401448596
abrupt_shift,0.15,9,-66880.93012690288,53070.987127332046,76386.68810208581,84149.93401448596
abrupt_shift,0.15,10,-103534.87601007619,-105262.63834495406,76386.68810208581,84149.93401448596
abrupt_shift,0.15,11,-113673.10039433502,-62000.886340218975,76386.68810208581,84149.93401448596
abrupt_shift,0.15,12,-69239.72085402269,-61823.50671260277,76386.68810208581,84149.93401448596
abrupt_shift,0.15,13,-55969.64317567603,-40514.39470080714,76386.68810208581,84149.93401448596
abrupt_shift,0.15,14,-38327.05797419569,-68075.48950904212,76386.68810208581,84149.93401448596
abrupt_shift,0.15,15,-89506.47283883728,-110542.90328828407,76386.68810208581,84149.93401448596
abrupt_shift,0.15,16,77662.69952765063,-51079.614629357646,76386.68810208581,84149.93401448596
abrupt_shift,0.15,17,-93216.47977663993,-10340.325216784753,76386.68810208581,84149.93401448596
abrupt_shift,0.15,18,-65869.8920067536,-48291.91802649552,76386.68810208581,84149.93401448596
abrupt_shift,0.15,19,-85778.11112967099,-6155.086322849937,76386.68810208581,84149.93401448596
abrupt_shift,0.2,0,62326.541833434516,-102735.8465370203,64814.781187393186,94230.19704061096
abrupt_shift,0.2,1,-83117.59659023408,-26182.741799154843,64814.781187393186,94230.19704061096
abrupt_shift,0.2,2,-33067.69666059577,-86132.53740098007,64814.781187393186,94230.19704061096
abrupt_shift,0.2,3,-65251.592228199006,-62136.39281876534,64814.781187393186,94230.19704061096
abrupt_shift,0.2,4,-61717.99776318148,-40223.80982183764,64814.781187393186,94230.19704061096
abrupt_shift,0.2,5,-4590.9043850801245,-77447.34574982102,64814.781187393186,94230.19704061096
abrupt_shift,0.2,6,-108488.6816747385,-71363.8837921095,64814.781187393186,94230.19704061096
abrupt_shift,0.2,7,-52193.94096259528,-92335.12279152263,64814.781187393186,94230.19704061096
abrupt_shift,0.2,8,-113045.1687805452,-109645.24555865,64814.781187393186,94230.19704061096
abrupt_shift,0.2,9,-38243.33977804697,-24260.125133472087,64814.781187393186,94230.19704061096
abrupt_shift,0.2,10,-71996.1570837227,-21198.338033749314,64814.781187393186,94230.19704061096
abrupt_shift,0.2,11,-31653.116604257317,-112531.22078001594,64814.781187393186,94230.19704061096
abrupt_shift,0.2,12,-64405.47560854498,124490.95859290616,64814.781187393186,94230.19704061096
abrupt_shift,0.2,13,59318.496496711654,214013.5927914396,64814.781187393186,94230.19704061096
abrupt_shift,0.2,14,-67159.06669102798,-99162.7826404283,64814.781187393186,94230.19704061096
abrupt_shift,0.2,15,-74957.64455392284,-91066.37971655649,64814.781187393186,94230.19704061096
abrupt_shift,0.2,16,-96666.42928211496,-96774.5106535111,64814.781187393186,94230.19704061096
abrupt_shift,0.2,17,-14126.202532795374,-52674.857513830735,64814.781187393186,94230.19704061096
abrupt_shift,0.2,18,-33690.75078651286,-79733.32075185594,64814.781187393186,94230.19704061096
abrupt_shift,0.2,19,25469.000489152968,-100922.01370340753,64814.781187393186,94230.19704061096
abrupt_shift,0.3,0,5719.308483806846,-119450.34169840027,57054.37056347976,71726.65798035607
abrupt_shift,0.3,1,-91425.09834489936,-112236.56722778604,57054.37056347976,71726.65798035607
abrupt_shift,0.3,2,-37440.1394750562,-36151.495384133246,57054.37056347976,71726.65798035607
abrupt_shift,0.3,3,-89083.93358032408,-52300.00958405825,57054.37056347976,71726.65798035607
abrupt_shift,0.3,4,-30818.43042411661,-72581.43277635387,57054.37056347976,71726.65798035607
abrupt_shift,0.3,5,-44290.148382748564,-35655.36932015003,57054.37056347976,71726.65798035607
abrupt_shift,0.3,6,-53843.43487475041,-86418.28679998594,57054.37056347976,71726.65798035607
abrupt_shift,0.3,7,-32247.04510769894,-47009.46473890508,57054.37056347976,71726.65798035607
abrupt_shift,0.3,8,-15276.659834482503,-17409.7025117937,57054.37056347976,71726.65798035607
abrupt_shift,0.3,9,-17895.06485535542,23259.803765645192,57054.37056347976,71726.65798035607
abrupt_shift,0.3,10,-83550.88329765442,83309.50436159203,57054.37056347976,71726.65798035607
abrupt_shift,0.3,11,-88087.03358248225,52641.34209604576,57054.37056347976,71726.65798035607
abrupt_shift,0.3,12,55271.10614806178,-26289.276855302538,57054.37056347976,71726.65798035607
abrupt_shift,0.3,13,-2304.0337992081186,-79949.15198788163,57054.37056347976,71726.65798035607
abrupt_shift,0.3,14,-83604.69486073343,-29011.54055151518,57054.37056347976,71726.65798035607
abrupt_shift,0.3,15,-37292.31876914762,-121324.48341431216,57054.37056347976,71726.65798035607
abrupt_shift,0.3,16,-70775.74766740602,-9316.14693037013,57054.37056347976,71726.65798035607
abrupt_shift,0.3,17,-2595.0977804211143,-110992.90463075585,57054.37056347976,71726.65798035607
abrupt_shift,0.3,18,-80539.38775840399,-86059.55304296454,57054.37056347976,71726.65798035607
abrupt_shift,0.3,19,-47830.830262860225,-52505.058799344784,57054.37056347976,71726.65798035607
periodic,0.0,0,-12646.487419877521,278713.72703355714,71614.09904115404,100901.34403450399
periodic,0.0,1,-29133.721639004623,-36866.648535573855,71614.09904115404,100901.34403450399
periodic,0.0,2,-113228.7180432607,-64848.04015586636,71614.09904115404,100901.34403450399
periodic,0.0,3,-45831.17776054822,-118405.93157482966,71614.09904115404,100901.34403450399
periodic,0.0,4,65813.31173920733,-56711.14866464649,71614.09904115404,100901.34403450399
periodic,0.0,5,-64818.389032463485,-83869.5804001388,71614.09904115404,100901.34403450399
periodic,0.0,6,89803.47240237301,-64117.605672699894,71614.09904115404,100901.34403450399
periodic,0.0,7,-14056.348535404715,-30523.607808079105,71614.09904115404,100901.34403450399
periodic,0.0,8,-35098.25990513011,-82923.710406303,71614.09904115404,100901.34403450399
periodic,0.0,9,64475.9067391913,-101922.29920725628,71614.09904115404,100901.34403450399
periodic,0.0,10,-54167.739828705,-46504.56577327772,71614.09904115404,100901.34403450399
periodic,0.0,11,-60658.383678484184,-80954.38442708674,71614.09904115404,100901.34403450399
periodic,0.0,12,-137514.58534156688,-121250.99946758282,71614.09904115404,100901.34403450399
periodic,0.0,13,-98493.29599234436,-44685.23607818541,71614.09904115404,100901.34403450399
periodic,0.0,14,-23654.067088743876,-117622.84732134019,71614.09904115404,100901.34403450399
periodic,0.0,15,-94979.03096424641,-82430.34132117612,71614.09904115404,100901.34403450399
periodic,0.0,16,-71535.93755043694,-128561.34919017016,71614.09904115404,100901.34403450399
periodic,0.0,17,63716.81448960447,-93068.05744439283,71614.09904115404,100901.34403450399
periodic,0.0,18,-102326.38766368825,-29906.234438887564,71614.09904115404,100901.34403450399
periodic,0.0,19,-2080.513603526342,-40860.25253169518,71614.09904115404,100901.34403450399
periodic,0.05,0,-117204.82209044723,-47393.94744923414,67967.06694906738,65097.599677706414
periodic,0.05,1,-98030.82923785906,32293.95511407862,67967.06694906738,65097.599677706414
periodic,0.05,2,-2757.7604978953023,-94273.86218533825,67967.06694906738,65097.599677706414
periodic,0.05,3,-25291.050829048152,-26952.666722895665,67967.06694906738,65097.599677706414
periodic,0.05,4,24541.258161292673,-50156.036300073174,67967.06694906738,65097.599677706414
periodic,0.05,5,14803.772359733528,16594.641153977893,67967.06694906738,65097.599677706414
periodic,0.05,6,-45863.81153410277,-111464.094153522,67967.06694906738,65097.599677706414
periodic,0.05,7,70282.07025171173,-77733.17535888212,67967.06694906738,65097.599677706414
periodic,0.05,8,-88724.56848999814,-15427.835211678146,67967.06694906738,65097.599677706414
periodic,0.05,9,-49032.71345888564,-71936.6323819381,67967.06694906738,65097.599677706414
periodic,0.05,10,-17360.42879439055,-10288.713481414336,67967.06694906738,65097.599677706414
periodic,0.05,11,-69467.95785851113,-11945.88808650701,67967.06694906738,65097.599677706414
periodic,0.05,12,-94238.8736575748,-77558.1426482037,67967.06694906738,65097.599677706414
periodic,0.05,13,-113660.58696101326,-62826.08290644045,67967.06694906738,65097.599677706414
periodic,0.05,14,-56682.56038065371,43706.13531095887,67967.06694906738,65097.599677706414
periodic,0.05,15,-28412.26114247265,-71175.85030644748,67967.06694906738,65097.599677706414
periodic,0.05,16,-16735.96530277285,-31462.93264841262,67967.06694906738,65097.599677706414
periodic,0.05,17,-93379.36965985813,-91246.27818325417,67967.06694906738,65097.599677706414
periodic,0.05,18,-87764.71480020665,-99223.41169231948,67967.06694906738,65097.599677706414
periodic,0.05,19,-51048.58678507968,-93978.72960999233,67967.06694906738,65097.599677706414
periodic,0.1,0,-46841.521495716384,-107591.09796789296,72943.7104365412,71296.70971257561
periodic,0.1,1,-39415.30637504326,-81432.82286367044,72943.7104365412,71296.70971257561
periodic,0.1,2,-54170.15348555078,-73099.6203904445,72943.7104365412,71296.70971257561
periodic,0.1,3,-81703.08879820674,-40408.19337739097,72943.7104365412,71296.70971257561
periodic,0.1,4,-104306.30885165733,-77976.89586019542,72943.7104365412,71296.70971257561
periodic,0.1,5,21710.457560474577,-14814.682419125806,72943.7104365412,71296.70971257561
periodic,0.1,6,-25599.843274925195,-78102.86169129089,72943.7104365412,71296.70971257561
periodic,0.1,7,-71073.00466801581,-46184.87977659344,72943.7104365412,71296.70971257561
periodic,0.1,8,-61571.6583299519,-64906.56809060296,72943.7104365412,71296.70971257561
periodic,0.1,9,-16652.116421441373,114010.72447316317,72943.7104365412,71296.70971257561
periodic,0.1,10,17576.998835159,-85540.56059840345,72943.7104365412,71296.70971257561
periodic,0.1,11,-113148.22641414001,-51406.66570258635,72943.7104365412,71296.70971257561
periodic,0.1,12,-82613.71495695077,-79725.15066724192,72943.7104365412,71296.70971257561
periodic,0.1,13,-35149.010399061604,23295.958042408456,72943.7104365412,71296.70971257561
periodic,0.1,14,-35450.001933484746,-10627.435554136318,72943.7104365412,71296.70971257561
periodic,0.1,15,-78575.16204867297,-48408.926013891556,72943.7104365412,71296.70971257561
periodic,0.1,16,139190.99922600554,124897.68020979405,72943.7104365412,71296.70971257561
periodic,0.1,17,-122134.66524830965,-30628.900223490607,72943.7104365412,71296.70971257561
periodic,0.1,18,-33192.98663899701,-80532.9473449389,72943.7104365412,71296.70971257561
periodic,0.1,19,-89086.8807459888,48974.435771484015,72943.7104365412,71296.70971257561
periodic,0.15,0,41595.55306694735,-76773.0861141177,68945.6264646683,65339.492098572424
periodic,0.15,1,-17834.650689439295,64210.41291441236,68945.6264646683,65339.492098572424
periodic,0.15,2,-57036.442185881024,-17881.028600902937,68945.6264646683,65339.492098572424
periodic,0.15,3,-703.456375293521,-63470.867827033304,68945.6264646683,65339.492098572424
periodic,0.15,4,-42083.76322761641,22119.562099421484,68945.6264646683,65339.492098572424
periodic,0.15,5,-41121.710496257176,-60314.46462005202,68945.6264646683,65339.492098572424
periodic,0.15,6,-87954.0902183064,6070.272731187695,68945.6264646683,65339.492098572424
periodic,0.15,7,-135422.0905074236,-90200.43181982881,68945.6264646683,65339.492098572424
periodic,0.15,8,-87682.56879725188,-60734.629819878115,68945.6264646683,65339.492098572424
periodic,0.15,9,-21438.548717362748,-74035.02174036723,68945.6264646683,65339.492098572424
periodic,0.15,10,-112780.5915906734,-61717.31132907508,68945.6264646683,65339.492098572424
periodic,0.15,11,-43795.72901965151,-40077.6683332636,68945.6264646683,65339.492098572424
periodic,0.15,12,-86044.71743231904,-55610.007035583054,68945.6264646683,65339.492098572424
periodic,0.15,13,-11746.148881358211,-33381.6622430174,68945.6264646683,65339.492098572424
periodic,0.15,14,-37980.38869366844,-107927.61067657321,68945.6264646683,65339.492098572424
periodic,0.15,15,-116875.37572175292,-87976.98615574706,68945.6264646683,65339.492098572424
periodic,0.15,16,3571.123672463873,-52698.661239419685,68945.6264646683,65339.492098572424
periodic,0.15,17,-70100.98055747442,-64831.85403128789,68945.6264646683,65339.492098572424
periodic,0.15,18,-43642.11319035434,-90828.17266194304,68945.6264646683,65339.492098572424
periodic,0.15,19,89275.05142421517,-72864.35540839165,68945.6264646683,65339.492098572424
periodic,0.2,0,-110223.43803475187,93962.24365836111,84304.59421627817,56671.56010703933
periodic,0.2,1,-77450.57777529146,-15729.003404147428,84304.59421627817,56671.56010703933
periodic,0.2,2,14159.76326402169,20975.92779725595,84304.59421627817,56671.56010703933
periodic,0.2,3,-57481.50047891462,48969.69041901766,84304.59421627817,56671.56010703933
periodic,0.2,4,-128625.39505037702,-32604.995071971673,84304.59421627817,56671.56010703933
periodic,0.2,5,178858.441931663,-56598.26218885169,84304.59421627817,56671.56010703933
periodic,0.2,6,-80481.99044506045,28481.98224550145,84304.59421627817,56671.56010703933
periodic,0.2,7,-111910.64011157764,-21354.101457092736,84304.59421627817,56671.56010703933
periodic,0.2,8,-101224.86127420349,-70103.2136969241,84304.59421627817,56671.56010703933
periodic,0.2,9,43393.57695974273,-60818.778977532405,84304.59421627817,56671.56010703933
periodic,0.2,10,-53682.9828908176,-52668.037280158314,84304.59421627817,56671.56010703933
periodic,0.2,11,-83315.07333308586,-26229.095269118494,84304.59421627817,56671.56010703933
periodic,0.2,12,-78043.14712075132,-1552.1868947994371,84304.59421627817,56671.56010703933
periodic,0.2,13,-23812.38626193258,-135297.8553491823,84304.59421627817,56671.56010703933
periodic,0.2,14,-100273.85651636355,12002.06290266203,84304.59421627817,56671.56010703933
periodic,0.2,15,-1513.2583366322797,-67869.8743733298,84304.59421627817,56671.56010703933
periodic,0.2,16,-87707.98295403353,-78000.36752746525,84304.59421627817,56671.56010703933
periodic,0.2,17,-454.5582615637395,-20574.315379562526,84304.59421627817,56671.56010703933
periodic,0.2,18,-20231.868918651657,-11396.161360060738,84304.59421627817,56671.56010703933
periodic,0.2,19,-78656.41741051353,-70813.32514052346,84304.59421627817,56671.56010703933
periodic,0.3,0,196502.24447011578,-16431.85978357136,80825.82915467904,82935.50769326458
periodic,0.3,1,166809.441276076,-100929.05648936487,80825.82915467904,82935.50769326458
periodic,0.3,2,-29228.302789208363,-98655.57999361085,80825.82915467904,82935.50769326458
periodic,0.3,3,-74581.01563055647,-78932.06600581965,80825.82915467904,82935.50769326458
periodic,0.3,4,-92794.8060760088,-48883.28857663402,80825.82915467904,82935.50769326458
periodic,0.3,5,-36748.5871412571,-108338.53388664887,80825.82915467904,82935.50769326458
periodic,0.3,6,-110356.65318670645,-71012.06643572162,80825.82915467904,82935.50769326458
periodic,0.3,7,-88887.28797491422,-74424.77530346977,80825.82915467904,82935.50769326458
periodic,0.3,8,34691.961481557315,-59128.90024841225,80825.82915467904,82935.50769326458
periodic,0.3,9,-8401.80943455972,-14884.609085690114,80825.82915467904,82935.50769326458
periodic,0.3,10,-39404.19725364531,-19556.383468324027,80825.82915467904,82935.50769326458
periodic,0.3,11,-67960.09127559597,-59962.607476814825,80825.82915467904,82935.50769326458
periodic,0.3,12,-74288.4210375954,-109899.49369291858,80825.82915467904,82935.50769326458
periodic,0.3,13,-11429.054040735442,-101449.24146585386,80825.82915467904,82935.50769326458
periodic,0.3,14,-43553.42455871226,-121510.38293098194,80825.82915467904,82935.50769326458
periodic,0.3,15,-39534.1108073747,-12130.037538674398,80825.82915467904,82935.50769326458
periodic,0.3,16,11850.701018503372,10227.581143794028,80825.82915467904,82935.50769326458
periodic,0.3,17,-74699.67073609756,189292.47494645612,80825.82915467904,82935.50769326458
periodic,0.3,18,-36264.61681520144,-63949.59946159247,80825.82915467904,82935.50769326458
periodic,0.3,19,-64575.886020948004,-37871.10078389637,80825.82915467904,82935.50769326458
heteroscedastic,0.0,0,-67831.94932098154,-112522.84990739154,86908.04999691722,89380.94627543245
heteroscedastic,0.0,1,182059.44151591512,176348.97636943936,86908.04999691722,89380.94627543245
heteroscedastic,0.0,2,21638.28245709199,-16541.20869230092,86908.04999691722,89380.94627543245
heteroscedastic,0.0,3,-62718.17319137321,-101054.9407083141,86908.04999691722,89380.94627543245
heteroscedastic,0.0,4,-48902.65689863812,-80006.01632390262,86908.04999691722,89380.94627543245
heteroscedastic,0.0,5,-114053.33311499673,-42137.362992902985,86908.04999691722,89380.94627543245
heteroscedastic,0.0,6,-24620.829369014828,-124192.7435507439,86908.04999691722,89380.94627543245
heteroscedastic,0.0,7,-30443.629137416225,-73933.74939494702,86908.04999691722,89380.94627543245
heteroscedastic,0.0,8,-3968.338378782384,-105139.26129642478,86908.04999691722,89380.94627543245
heteroscedastic,0.0,9,167675.31368454863,-102168.13294219106,86908.04999691722,89380.94627543245
heteroscedastic,0.0,10,-49314.59405123815,-37170.11030149678,86908.04999691722,89380.94627543245
heteroscedastic,0.0,11,-100272.05542392968,104867.29988475403,86908.04999691722,89380.94627543245
heteroscedastic,0.0,12,-127735.31545879217,-82341.10475081264,86908.04999691722,89380.94627543245
heteroscedastic,0.0,13,-108973.47735284822,-25706.193577120634,86908.04999691722,89380.94627543245
heteroscedastic,0.0,14,-76348.0281830614,-37434.69808203852,86908.04999691722,89380.94627543245
heteroscedastic,0.0,15,8063.233544385934,-80630.91097057782,86908.04999691722,89380.94627543245
heteroscedastic,0.0,16,-54863.503252790804,8098.150217463088,86908.04999691722,89380.94627543245
heteroscedastic,0.0,17,-63923.9846911685,-86106.81727309071,86908.04999691722,89380.94627543245
heteroscedastic,0.0,18,-100170.29938295895,-93501.44088585992,86908.04999691722,89380.94627543245
heteroscedastic,0.0,19,-12076.601768202003,-105019.232950677,86908.04999691722,89380.94627543245
heteroscedastic,0.05,0,13135.370123414032,-94862.12534428651,58324.86150978628,116846.31740915215
heteroscedastic,0.05,1,-55247.04133188914,-74934.1693767189,58324.86150978628,116846.31740915215
heteroscedastic,0.05,2,-16693.63790969507,-109301.56099487534,58324.86150978628,116846.31740915215
heteroscedastic,0.05,3,-44992.764850533014,-64577.692473047646,58324.86150978628,116846.31740915215
heteroscedastic,0.05,4,-84089.19646234543,-14830.361168838484,58324.86150978628,116846.31740915215
heteroscedastic,0.05,5,-95575.14021484408,-49824.73455402278,58324.86150978628,116846.31740915215
heteroscedastic,0.05,6,2167.4969191084674,-64681.71398584003,58324.86150978628,116846.31740915215
heteroscedastic,0.05,7,-43962.80205409654,-40749.762486131105,58324.86150978628,116846.31740915215
heteroscedastic,0.05,8,-52412.37582272748,449868.75075492065,58324.86150978628,116846.31740915215
heteroscedastic,0.05,9,-47880.6273192598,-78904.49267187729,58324.86150978628,116846.31740915215
heteroscedastic,0.05,10,-100362.2457984178,-44536.756222617434,58324.86150978628,116846.31740915215
heteroscedastic,0.05,11,-35124.83955927685,-32334.10171505218,58324.86150978628,116846.31740915215
heteroscedastic,0.05,12,62248.88496502317,-54258.61689115799,58324.86150978628,116846.31740915215
heteroscedastic,0.05,13,33249.05924017553,-19268.434999620513,58324.86150978628,116846.31740915215
heteroscedastic,0.05,14,-73216.74553678246,22332.9750524135,58324.86150978628,116846.31740915215
heteroscedastic,0.05,15,-65897.52888373903,-84300.9799720963,58324.86150978628,116846.31740915215
heteroscedastic,0.05,16,-74862.11019196533,-31364.391662876995,58324.86150978628,116846.31740915215
heteroscedastic,0.05,17,27409.943321368424,-20742.172604618652,58324.86150978628,116846.31740915215
heteroscedastic,0.05,18,-20547.02265134707,-60295.222381823085,58324.86150978628,116846.31740915215
heteroscedastic,0.05,19,-80978.98656052226,-78590.5353127401,58324.86150978628,116846.31740915215
heteroscedastic,0.1,0,-95322.59923868069,-33683.4549495274,72649.02951779914,69737.16981284675
heteroscedastic,0.1,1,-70872.47677343315,-107540.86246052594,72649.02951779914,69737.16981284675
heteroscedastic,0.1,2,-25006.832572579064,-8914.027524580073,72649.02951779914,69737.16981284675
heteroscedastic,0.1,3,59030.40021855265,-108300.30461343151,72649.02951779914,69737.16981284675
heteroscedastic,0.1,4,-28383.001936571993,-52572.74438938615,72649.02951779914,69737.16981284675
heteroscedastic,0.1,5,150190.5152192002,-92464.27186900677,72649.02951779914,69737.16981284675
heteroscedastic,0.1,6,-33166.59326545548,86620.22620518706,72649.02951779914,69737.16981284675
heteroscedastic,0.1,7,-38925.095301924914,-27257.179630407452,72649.02951779914,69737.16981284675
heteroscedastic,0.1,8,-49714.56123733139,-67480.43440987702,72649.02951779914,69737.16981284675
heteroscedastic,0.1,9,-92428.89821306069,34026.34665447546,72649.02951779914,69737.16981284675
heteroscedastic,0.1,10,-32722.20340984434,-77579.78222456074,72649.02951779914,69737.16981284675
heteroscedastic,0.1,11,91210.70188949865,-80026.19193346525,72649.02951779914,69737.16981284675
heteroscedastic,0.1,12,142076.03558897527,-97156.9016226788,72649.02951779914,69737.16981284675
heteroscedastic,0.1,13,-27607.78295313599,-86121.29507105821,72649.02951779914,69737.16981284675
heteroscedastic,0.1,14,-74252.45429486944,-14087.470832081308,72649.02951779914,69737.16981284675
heteroscedastic,0.1,15,-24672.32951448005,-5132.8995686214475,72649.02951779914,69737.16981284675
heteroscedastic,0.1,16,90307.19589189885,8947.687353163667,72649.02951779914,69737.16981284675
heteroscedastic,0.1,17,-68000.25095848812,-61429.383191427216,72649.02951779914,69737.16981284675
heteroscedastic,0.1,18,-23840.887266994745,-88101.03163670411,72649.02951779914,69737.16981284675
heteroscedastic,0.1,19,-23192.603628151817,-79794.07697238532,72649.02951779914,69737.16981284675
heteroscedastic,0.15,0,7077.644636660058,-108080.74437062163,77785.78591008233,91678.60251389851
heteroscedastic,0.15,1,69888.46984956614,-64054.415523398755,77785.78591008233,91678.60251389851
heteroscedastic,0.15,2,-9111.194930074998,-63177.224205728446,77785.78591008233,91678.60251389851
heteroscedastic,0.15,3,-38484.07406849196,-20442.59833365254,77785.78591008233,91678.60251389851
heteroscedastic,0.15,4,-79871.83425849193,-121066.16129819874,77785.78591008233,91678.60251389851
heteroscedastic,0.15,5,-100050.77468353958,-26538.630140657857,77785.78591008233,91678.60251389851
heteroscedastic,0.15,6,-97947.51955571768,32806.039319418895,77785.78591008233,91678.60251389851
heteroscedastic,0.15,7,-12891.781756275595,-94773.7358547563,77785.78591008233,91678.60251389851
heteroscedastic,0.15,8,88883.34259254349,-26198.032537165185,77785.78591008233,91678.60251389851
heteroscedastic,0.15,9,-73919.38406820668,-80929.97786514799,77785.78591008233,91678.60251389851
heteroscedastic,0.15,10,-38312.712974659196,238444.7003862357,77785.78591008233,91678.60251389851
heteroscedastic,0.15,11,-11538.02639047234,-95093.61551028406,77785.78591008233,91678.60251389851
heteroscedastic,0.15,12,-22191.763094180264,-44039.08328722388,77785.78591008233,91678.60251389851
heteroscedastic,0.15,13,31413.60660223782,124075.4491475276,77785.78591008233,91678.60251389851
heteroscedastic,0.15,14,228191.52253254046,4252.696181173553,77785.78591008233,91678.60251389851
heteroscedastic,0.15,15,-74644.32357220544,-51599.31198691408,77785.78591008233,91678.60251389851
heteroscedastic,0.15,16,-78674.7055731994,-96091.15006585284,77785.78591008233,91678.60251389851
heteroscedastic,0.15,17,-36747.18412347272,-78601.48035717133,77785.78591008233,91678.60251389851
heteroscedastic,0.15,18,-70097.71129685733,-55403.747939181165,77785.78591008233,91678.60251389851
heteroscedastic,0.15,19,-42696.085203198716,-104189.04047891586,77785.78591008233,91678.60251389851
heteroscedastic,0.2,0,-31561.78127798636,-67815.0005466956,76027.88652129783,83920.33584489262
heteroscedastic,0.2,1,-43937.4646415812,40509.95100560406,76027.88652129783,83920.33584489262
heteroscedastic,0.2,2,-61135.93726191571,-4093.930988136446,76027.88652129783,83920.33584489262
heteroscedastic,0.2,3,-95637.71858835443,149264.61098939137,76027.88652129783,83920.33584489262
heteroscedastic,0.2,4,-9944.670715988497,-50062.9182908292,76027.88652129783,83920.33584489262
heteroscedastic,0.2,5,78675.58971805833,-78804.35623214036,76027.88652129783,83920.33584489262
heteroscedastic,0.2,6,-1939.243838483846,-77306.11612996706,76027.88652129783,83920.33584489262
heteroscedastic,0.2,7,-15797.855742050946,133163.81621985955,76027.88652129783,83920.33584489262
heteroscedastic,0.2,8,68871.86625636523,-83016.47955342676,76027.88652129783,83920.33584489262
heteroscedastic,0.2,9,-99107.14697953322,-53366.34056021136,76027.88652129783,83920.33584489262
heteroscedastic,0.2,10,-34874.75140695801,-98909.54162922889,76027.88652129783,83920.33584489262
heteroscedastic,0.2,11,-44893.1035368118,-100365.05531549163,76027.88652129783,83920.33584489262
heteroscedastic,0.2,12,25496.81271406822,-85608.8030692322,76027.88652129783,83920.33584489262
heteroscedastic,0.2,13,-96868.53189205781,-66835.4740141907,76027.88652129783,83920.33584489262
heteroscedastic,0.2,14,190442.31389164916,3445.0198137597763,76027.88652129783,83920.33584489262
heteroscedastic,0.2,15,-7229.0074160327495,-96707.9759825555,76027.88652129783,83920.33584489262
heteroscedastic,0.2,16,-14100.897481759836,-108264.17374858071,76027.88652129783,83920.33584489262
heteroscedastic,0.2,17,-102766.88566178798,-98725.59599155361,76027.88652129783,83920.33584489262
heteroscedastic,0.2,18,-65705.13161947514,-69193.73558739806,76027.88652129783,83920.33584489262
heteroscedastic,0.2,19,-118420.9630986846,-53654.82783504258,76027.88652129783,83920.33584489262
heteroscedastic,0.3,0,-42791.7051230871,-67828.33680549954,83481.76596660526,110241.47256183483
heteroscedastic,0.3,1,208506.67222172391,-26341.53702174808,83481.76596660526,110241.47256183483
heteroscedastic,0.3,2,-59187.9561469802,335591.30146474193,83481.76596660526,110241.47256183483
heteroscedastic,0.3,3,-10475.699987386237,-96885.34366469643,83481.76596660526,110241.47256183483
heteroscedastic,0.3,4,-117919.59698271853,-70721.88130321723,83481.76596660526,110241.47256183483
heteroscedastic,0.3,5,-56522.003223949316,-53520.98656004897,83481.76596660526,110241.47256183483
heteroscedastic,0.3,6,-69028.44999511857,-40996.51047932802,83481.76596660526,110241.47256183483
heteroscedastic,0.3,7,-89993.39332227479,-42626.36761809248,83481.76596660526,110241.47256183483
heteroscedastic,0.3,8,92372.66713490631,-81227.75020131413,83481.76596660526,110241.47256183483
heteroscedastic,0.3,9,-48730.502798702306,31356.43342014859,83481.76596660526,110241.47256183483
heteroscedastic,0.3,10,-106326.64922671625,-62868.851014583255,83481.76596660526,110241.47256183483
heteroscedastic,0.3,11,-62681.70176244879,-104870.52241646357,83481.76596660526,110241.47256183483
heteroscedastic,0.3,12,-53625.152473874594,145610.88971998214,83481.76596660526,110241.47256183483
heteroscedastic,0.3,13,-62744.207245612924,-107125.27918401171,83481.76596660526,110241.47256183483
heteroscedastic,0.3,14,86781.3637898028,-89392.2929462429,83481.76596660526,110241.47256183483
heteroscedastic,0.3,15,65089.26474754859,-91453.086143213,83481.76596660526,110241.47256183483
heteroscedastic,0.3,16,-100303.47331886852,-61592.510058354004,83481.76596660526,110241.47256183483
heteroscedastic,0.3,17,-20626.764087013784,-48156.835299572704,83481.76596660526,110241.47256183483
heteroscedastic,0.3,18,-57331.300310261606,89565.4390932961,83481.76596660526,110241.47256183483
heteroscedastic,0.3,19,-44794.20082882891,-136739.93109252723,83481.76596660526,110241.47256183483
combined,0.0,0,-26751.229541419336,313660.3807325474,58525.02169075825,87089.1349844415
combined,0.0,1,-43798.478802812024,-7722.650831733103,58525.02169075825,87089.1349844415
combined,0.0,2,-37901.8328189039,-10238.526144360541,58525.02169075825,87089.1349844415
combined,0.0,3,-109517.67367248324,-52403.83453228831,58525.02169075825,87089.1349844415
combined,0.0,4,-23438.573793166055,-43123.32724198559,58525.02169075825,87089.1349844415
combined,0.0,5,-57419.25691710709,-30404.895977939712,58525.02169075825,87089.1349844415
combined,0.0,6,-9686.765712984314,47647.49327001898,58525.02169075825,87089.1349844415
combined,0.0,7,-22657.481800711743,-35368.97662390498,58525.02169075825,87089.1349844415
combined,0.0,8,-64144.12112866301,-24762.147734791244,58525.02169075825,87089.1349844415
combined,0.0,9,-78564.28171976248,-110110.76078302355,58525.02169075825,87089.1349844415
combined,0.0,10,-131085.340611811,-87322.38766755836,58525.02169075825,87089.1349844415
combined,0.0,11,7554.590801118611,5718.015161234187,58525.02169075825,87089.1349844415
combined,0.0,12,45074.56207717399,-32445.198423496127,58525.02169075825,87089.1349844415
combined,0.0,13,-52859.87092694943,19507.42612084406,58525.02169075825,87089.1349844415
combined,0.0,14,-103182.30747443842,-5496.578206683014,58525.02169075825,87089.1349844415
combined,0.0,15,-63976.102372501424,-79451.87402328115,58525.02169075825,87089.1349844415
combined,0.0,16,-24575.47194484179,-28817.021625480906,58525.02169075825,87089.1349844415
combined,0.0,17,-16230.271831753518,-96299.59215642279,58525.02169075825,87089.1349844415
combined,0.0,18,-47.424950793618336,-3037.4606028448616,58525.02169075825,87089.1349844415
combined,0.0,19,-5038.115375456982,-76202.48115355909,58525.02169075825,87089.1349844415
combined,0.05,0,-16296.864804734767,23879.622067873046,73544.90708082955,92317.59817925461
combined,0.05,1,44284.736273722345,-16750.449784995755,73544.90708082955,92317.59817925461
combined,0.05,2,59426.25787181177,-9084.655908139452,73544.90708082955,92317.59817925461
combined,0.05,3,-104277.29391601238,-75939.12457892147,73544.90708082955,92317.59817925461
combined,0.05,4,-84062.40767210661,254716.27986333068,73544.90708082955,92317.59817925461
combined,0.05,5,-75631.52600952424,-83912.75851641581,73544.90708082955,92317.59817925461
combined,0.05,6,-61057.80003680763,-13529.738617957017,73544.90708082955,92317.59817925461
combined,0.05,7,-73623.96869427321,-77241.59589261477,73544.90708082955,92317.59817925461
combined,0.05,8,-83235.90119483508,-118654.12203096946,73544.90708082955,92317.59817925461
combined,0.05,9,-105072.43880486362,-109774.87581011077,73544.90708082955,92317.59817925461
combined,0.05,10,-120924.97412618062,-71965.4783768009,73544.90708082955,92317.59817925461
combined,0.05,11,-67613.08698673223,-59845.92566400519,73544.90708082955,92317.59817925461
combined,0.05,12,-74025.50866712624,110155.24203809092,73544.90708082955,92317.59817925461
combined,0.05,13,-103229.68867417016,-47654.94950269119,73544.90708082955,92317.59817925461
combined,0.05,14,-3092.306114097679,-85839.22880777184,73544.90708082955,92317.59817925461
combined,0.05,15,-4435.9646188037295,-85547.44465483681,73544.90708082955,92317.59817925461
combined,0.05,16,-94648.47213416023,-89329.87883000934,73544.90708082955,92317.59817925461
combined,0.05,17,-59019.36912062319,-82540.91540119873,73544.90708082955,92317.59817925461
combined,0.05,18,-61636.37900001684,83016.96967063178,73544.90708082955,92317.59817925461
combined,0.05,19,-6410.058003499871,-3631.074996124138,73544.90708082955,92317.59817925461
combined,0.1,0,-104346.72510199434,-55032.80020994891,99112.42310719765,68104.95870275053
combined,0.1,1,83409.90338970898,-100311.27059378408,99112.42310719765,68104.95870275053
combined,0.1,2,-112780.51977472362,-99106.53378605339,99112.42310719765,68104.95870275053
combined,0.1,3,-24377.99361238579,-72815.33013567585,99112.42310719765,68104.95870275053
combined,0.1,4,110064.77068631953,-7077.4986492267635,99112.42310719765,68104.95870275053
combined,0.1,5,-64232.165234449,41721.94520204901,99112.42310719765,68104.95870275053
combined,0.1,6,289910.25289281225,-5045.134649079671,99112.42310719765,68104.95870275053
combined,0.1,7,-50831.66151644706,2511.5033416856895,99112.42310719765,68104.95870275053
combined,0.1,8,29096.17018934808,-20151.218607922463,99112.42310719765,68104.95870275053
combined,0.1,9,-32406.523469344043,-104611.81617695933,99112.42310719765,68104.95870275053
combined,0.1,10,-71774.354286363,-13656.346449124074,99112.42310719765,68104.95870275053
combined,0.1,11,-97413.00041443846,35467.891223706945,99112.42310719765,68104.95870275053
combined,0.1,12,-19809.452220537787,-52780.975141571456,99112.42310719765,68104.95870275053
combined,0.1,13,-128430.70292813156,-87770.03663212745,99112.42310719765,68104.95870275053
combined,0.1,14,11685.173159421945,-16505.53576586704,99112.42310719765,68104.95870275053
combined,0.1,15,-13837.710881152801,-93667.98430578991,99112.42310719765,68104.95870275053
combined,0.1,16,-88078.01660019645,-59927.59411103878,99112.42310719765,68104.95870275053
combined,0.1,17,-62562.291412676306,-84067.3448475879,99112.42310719765,68104.95870275053
combined,0.1,18,-103403.64859055748,-98777.69712474557,99112.42310719765,68104.95870275053
combined,0.1,19,-79484.77852126019,-99913.08172312804,99112.42310719765,68104.95870275053
combined,0.15,0,65087.18161826351,-41252.72148393182,65390.902559375456,80972.86011691528
combined,0.15,1,20039.519821978494,-80953.57774336563,65390.902559375456,80972.86011691528
combined,0.15,2,-77721.18745675255,-21077.658599687304,65390.902559375456,80972.86011691528
combined,0.15,3,63121.98759592857,-54041.40317215494,65390.902559375456,80972.86011691528
combined,0.15,4,-86285.73446762914,-37421.70425636938,65390.902559375456,80972.86011691528
combined,0.15,5,-42877.179931577644,-127041.35267183589,65390.902559375456,80972.86011691528
combined,0.15,6,-69756.3409519459,-86970.3908591888,65390.902559375456,80972.86011691528
combined,0.15,7,-24952.081975794485,-69023.74716256224,65390.902559375456,80972.86011691528
combined,0.15,8,98573.01653982067,133351.30713549795,65390.902559375456,80972.86011691528
combined,0.15,9,-94568.64486661195,-52758.312516102655,65390.902559375456,80972.86011691528
combined,0.15,10,55691.47178992364,27963.42538615063,65390.902559375456,80972.86011691528
combined,0.15,11,-97669.37364703871,-39375.97319803116,65390.902559375456,80972.86011691528
combined,0.15,12,-30870.499830743764,197607.83534993246,65390.902559375456,80972.86011691528
combined,0.15,13,-71348.82175717337,-59477.195130943495,65390.902559375456,80972.86011691528
combined,0.15,14,-58544.81807126803,-50977.303939367615,65390.902559375456,80972.86011691528
combined,0.15,15,-83944.05317082163,1742.8000603058317,65390.902559375456,80972.86011691528
combined,0.15,16,-60065.72777122271,-43746.507680135284,65390.902559375456,80972.86011691528
combined,0.15,17,60909.56591190919,-92803.61204999429,65390.902559375456,80972.86011691528
combined,0.15,18,-30622.16408248956,-43493.40515210139,65390.902559375456,80972.86011691528
combined,0.15,19,3199.434367065638,-95601.07253450804,65390.902559375456,80972.86011691528
combined,0.2,0,-31634.650681776722,-101597.22188335049,71547.83044670968,73599.58639231145
combined,0.2,1,-99871.18052651451,-81668.53052537894,71547.83044670968,73599.58639231145
combined,0.2,2,-70415.53620202388,-86115.54939990703,71547.83044670968,73599.58639231145
combined,0.2,3,-50364.47694837279,-78690.40842678567,71547.83044670968,73599.58639231145
combined,0.2,4,-40950.60271548477,-33699.6316882199,71547.83044670968,73599.58639231145
combined,0.2,5,-8218.61641005383,70854.41682052633,71547.83044670968,73599.58639231145
combined,0.2,6,-51333.89203160396,20744.227181201073,71547.83044670968,73599.58639231145
combined,0.2,7,-42555.57687314268,-94863.60342915749,71547.83044670968,73599.58639231145
combined,0.2,8,-110878.49988864751,17657.467162371322,71547.83044670968,73599.58639231145
combined,0.2,9,102774.47971306721,82953.55944654552,71547.83044670968,73599.58639231145
combined,0.2,10,-63564.99131654159,-3523.218358888931,71547.83044670968,73599.58639231145
combined,0.2,11,17182.043379201554,-34525.36121138724,71547.83044670968,73599.58639231145
combined,0.2,12,-12397.293880744022,-117768.64900684691,71547.83044670968,73599.58639231145
combined,0.2,13,-22649.447316742036,-76214.54910257398,71547.83044670968,73599.58639231145
combined,0.2,14,-82789.17611533406,32950.26763302821,71547.83044670968,73599.58639231145
combined,0.2,15,8911.371238052147,-39111.535826554784,71547.83044670968,73599.58639231145
combined,0.2,16,-124186.35573946593,-36738.919975990255,71547.83044670968,73599.58639231145
combined,0.2,17,-113651.95305012837,-74058.83085696513,71547.83044670968,73599.58639231145
combined,0.2,18,-109950.53541166126,144276.32397166497,71547.83044670968,73599.58639231145
combined,0.2,19,-50006.11228875868,61737.964641354716,71547.83044670968,73599.58639231145
combined,0.3,0,-34591.479781574686,-10698.417942522647,60601.42430606085,58058.5429932808
combined,0.3,1,-75973.9291984083,-27426.107978366403,60601.42430606085,58058.5429932808
combined,0.3,2,-10887.882735100895,-60857.22849567403,60601.42430606085,58058.5429932808
combined,0.3,3,-81642.83159655583,-50305.77284718471,60601.42430606085,58058.5429932808
combined,0.3,4,19758.79276761465,-94342.90172982754,60601.42430606085,58058.5429932808
combined,0.3,5,3217.42353405038,-84753.07262310892,60601.42430606085,58058.5429932808
combined,0.3,6,-64994.88198082519,1980.9137633982464,60601.42430606085,58058.5429932808
combined,0.3,7,-53154.13018556332,-69175.11388581188,60601.42430606085,58058.5429932808
combined,0.3,8,-10322.258441302576,-81988.51941833156,60601.42430606085,58058.5429932808
combined,0.3,9,24145.013436788257,-74054.48316022614,60601.42430606085,58058.5429932808
combined,0.3,10,-87109.9572906217,-13173.406383689231,60601.42430606085,58058.5429932808
combined,0.3,11,-35822.82593963863,-84777.03061392807,60601.42430606085,58058.5429932808
combined,0.3,12,-85796.08792070873,-77557.13874133525,60601.42430606085,58058.5429932808
combined,0.3,13,-90177.76375116149,-27395.329219747597,60601.42430606085,58058.5429932808
combined,0.3,14,-91902.86293851046,77165.70415411369,60601.42430606085,58058.5429932808
combined,0.3,15,-37495.09678957975,39846.12188818387,60601.42430606085,58058.5429932808
combined,0.3,16,-93427.56954354983,-67132.17243172135,60601.42430606085,58058.5429932808
combined,0.3,17,-81683.45975054937,-21947.292951990006,60601.42430606085,58058.5429932808
combined,0.3,18,42625.58031046562,-23232.98665753464,60601.42430606085,58058.5429932808
combined,0.3,19,11121.301540238754,-6265.497283715929,60601.42430606085,58058.5429932808
