n_probes,repeat,strategy,reconstruction_error_l1,reconstruction_error_l2,ranking_ndcg_k3,ranking_ndcg_k5,jaccard_k3,precision_k3,recall_k3,kendall_tau
2,210,random,7371043.03285863,13824750.37439336,0.6756269114649743,0.7744576949937525,0.5,0.6666666666666666,0.6666666666666666,0.11952286093343936
2,210,round_robin,3979937.717441155,10172917.124134421,0.5639103992566181,0.8095034731756052,0.5,0.6666666666666666,0.6666666666666666,0.35856858280031806
2,210,ucb,3419174.599707852,8187678.325839061,0.8087697995204777,0.9641173387653782,0.5,0.6666666666666666,0.6666666666666666,0.5976143046671968
2,210,dpp,7359460.4707319,13824633.845791439,0.862800601007571,0.9535071231671747,0.5,0.6666666666666666,0.6666666666666666,0.35856858280031806
2,211,random,7372206.010122121,13824752.156280775,0.5613670894308711,0.7636656229942641,0.5,0.6666666666666666,0.6666666666666666,-0.11952286093343936
2,211,round_robin,7362900.652498943,13824701.15599361,0.5639103992566181,0.8095034731756052,0.5,0.6666666666666666,0.6666666666666666,0.35856858280031806
2,211,ucb,3390480.806622731,8186986.872754542,0.8087697995204777,0.9641173387653782,0.5,0.6666666666666666,0.6666666666666666,0.5976143046671968
2,211,dpp,7356747.1713304715,13824628.547653561,0.7963282983442835,0.928908283983936,0.5,0.6666666666666666,0.6666666666666666,0.11952286093343936
2,212,random,4790760.510910408,11716404.891676277,0.5613670894308711,0.7636656229942641,0.5,0.6666666666666666,0.6666666666666666,-0.11952286093343936
2,212,round_robin,7362946.106028979,13824701.157947507,0.5639103992566181,0.8095034731756052,0.5,0.6666666666666666,0.6666666666666666,0.35856858280031806
2,212,ucb,3404932.0361824953,8187263.772729515,0.8087697995204777,0.9641173387653782,0.5,0.6666666666666666,0.6666666666666666,0.5976143046671968
2,212,dpp,7356696.78176422,13824628.538246965,0.7963282983442835,0.928908283983936,0.5,0.6666666666666666,0.6666666666666666,0.11952286093343936
2,213,random,5761512.084537056,12311173.158066854,0.4948947867675836,0.7434834786913489,0.5,0.6666666666666666,0.6666666666666666,-0.35856858280031806
2,213,round_robin,5593671.011301566,11960246.689779213,0.5639103992566181,0.8095034731756052,0.5,0.6666666666666666,0.6666666666666666,0.35856858280031806
2,213,ucb,3422149.2056209613,8187911.438826845,0.8087697995204777,0.9641173387653782,0.5,0.6666666666666666,0.6666666666666666,0.5976143046671968
2,213,dpp,7373198.118472004,13824753.852024585,0.862800601007571,0.9535071231671747,0.5,0.6666666666666666,0.6666666666666666,0.35856858280031806
2,214,random,7364693.877415407,13824703.393815156,0.5896541450872914,0.7907248809079634,0.5,0.6666666666666666,0.6666666666666666,0.11952286093343936
2,214,round_robin,3987518.6493486916,10173029.971490558,0.5639103992566181,0.8095034731756052,0.5,0.6666666666666666,0.6666666666666666,0.35856858280031806
2,214,ucb,3406832.215049907,8187657.545002991,0.8087697995204777,0.9641173387653782,0.5,0.6666666666666666,0.6666666666666666,0.5976143046671968
2,214,dpp,7364460.430730538,13824703.330725549,0.5231818424240038,0.7705427366050482,0.5,0.6666666666666666,0.6666666666666666,-0.11952286093343936
4,210,random,6803905.7091984935,13655611.374042304,0.38008743322981015,0.6336593305897853,0.5,0.6666666666666666,0.6666666666666666,-0.5976143046671968
4,210,round_robin,5577675.964156453,11960086.379794,0.616588452785567,0.8164901067973944,0.5,0.6666666666666666,0.6666666666666666,0.2
4,210,ucb,680032.1236029529,2161795.9279043656,1.0,1.0,1.0,1.0,1.0,1.0
4,210,dpp,7356903.580522082,13824631.409057997,0.8087697995204777,0.9531217338633967,0.5,0.6666666666666666,0.6666666666666666,0.2
4,211,random,7360116.455269181,13824697.112633834,0.5231818424240038,0.7705427366050482,0.5,0.6666666666666666,0.6666666666666666,-0.11952286093343936
4,211,round_robin,6803638.1725001605,13655605.630379941,0.38008743322981015,0.6336593305897853,0.5,0.6666666666666666,0.6666666666666666,-0.6
4,211,ucb,689676.9878871549,2162857.5856810817,1.0,1.0,1.0,1.0,1.0,1.0
4,211,dpp,4044074.9024244267,9607326.686288707,0.8345135453511509,0.9343431415957548,0.5,0.6666666666666666,0.6666666666666666,0.2
4,212,random,5199891.651895202,12121116.47751297,0.4948947867675836,0.7434834786913489,0.5,0.6666666666666666,0.6666666666666666,-0.31622776601683794
4,212,round_robin,4641924.621985205,11347835.948130988,0.4341182347169036,0.770096320283714,0.2,0.3333333333333333,0.3333333333333333,-0.2
4,212,ucb,645734.4918226424,2160292.8150479686,1.0,1.0,1.0,1.0,1.0,1.0
4,212,dpp,7356901.27438854,13824631.4071,0.8087697995204777,0.9531217338633967,0.5,0.6666666666666666,0.6666666666666666,0.2
4,213,random,4986135.543222305,10323871.09066106,0.8087697995204777,0.9641173387653782,0.5,0.6666666666666666,0.6666666666666666,0.5976143046671968
4,213,round_robin,5564060.406771738,11959957.496942427,0.5639103992566181,0.8095034731756052,0.5,0.6666666666666666,0.6666666666666666,0.0
4,213,ucb,687994.8814736623,2163172.4055280136,1.0,1.0,1.0,1.0,1.0,1.0
4,213,dpp,5829528.725962917,13121914.705307808,0.41160877321663564,0.6579508466174254,0.2,0.3333333333333333,0.3333333333333333,-0.4
4,214,random,6810509.497364848,13655669.699921902,0.5025171333617399,0.6711575489236075,0.5,0.6666666666666666,0.6666666666666666,-0.31622776601683794
4,214,round_robin,3994219.932145838,10173618.228480466,0.616588452785567,0.8164901067973944,0.5,0.6666666666666666,0.6666666666666666,0.2
4,214,ucb,648685.3371428794,2159137.7726854277,1.0,1.0,1.0,1.0,1.0,1.0
4,214,dpp,7365897.302212266,13824742.686857307,0.22200821303367538,0.6007653897981304,0.2,0.3333333333333333,0.3333333333333333,-0.8
6,210,random,5587769.179789768,11960237.684519887,0.5231818424240038,0.7918032353963808,0.5,0.6666666666666666,0.6666666666666666,0.0
6,210,round_robin,3007157.6038679266,9444459.516328147,0.616588452785567,0.8421673004690505,0.5,0.6666666666666666,0.6666666666666666,0.4
6,210,ucb,103545.51329719572,160304.68460963076,1.0,1.0,1.0,1.0,1.0,1.0
6,210,dpp,6800712.411800398,13655653.013948407,0.5419837487506564,0.7089111185337087,0.5,0.6666666666666666,0.6666666666666666,0.0
6,211,random,3192898.238828459,7648659.972913857,1.0,1.0,1.0,1.0,1.0,1.0
6,211,round_robin,5747560.893456994,12311134.18525531,0.5613670894308711,0.7893428166659202,0.5,0.6666666666666666,0.6666666666666666,0.0
6,211,ucb,70770.35920710185,102922.34356589566,1.0,1.0,1.0,1.0,1.0,1.0
6,211,dpp,6372824.55408142,13297627.446206536,0.6756269114649743,0.7614170715648358,0.5,0.6666666666666666,0.6666666666666666,0.2
6,212,random,5737808.91258246,12310964.100079726,0.683796789562801,0.7901682364261051,0.5,0.6666666666666666,0.6666666666666666,0.0
6,212,round_robin,5184139.315630684,12120978.84940806,0.6173244868995134,0.7809816970251713,0.5,0.6666666666666666,0.6666666666666666,0.0
6,212,ucb,62133.18625125115,95978.97157664219,1.0,1.0,1.0,1.0,1.0,1.0
6,212,dpp,3384155.4522661925,8186954.9875623565,0.8087697995204777,0.9641173387653782,0.5,0.6666666666666666,0.6666666666666666,0.4
6,213,random,1623688.3114300368,4355053.83731011,1.0,0.9955833051196766,1.0,1.0,1.0,0.8
6,213,round_robin,6793259.634249871,13655584.451330975,0.24894252073195106,0.6162657217982104,0.2,0.3333333333333333,0.3333333333333333,-0.8
6,213,ucb,88475.02149023498,132638.3740817708,1.0,1.0,1.0,1.0,1.0,1.0
6,213,dpp,5728811.550405512,12310939.965352222,0.8813426251478521,0.8820762456191934,1.0,1.0,1.0,0.4
6,214,random,2838424.6868061153,7898560.714423564,0.8087697995204777,0.9531217338633967,0.5,0.6666666666666666,0.6666666666666666,0.2
6,214,round_robin,2643205.614896611,7338849.754124357,0.8444640896296123,0.9749547444954273,0.5,0.6666666666666666,0.6666666666666666,0.6
6,214,ucb,99838.81665562422,174958.74218278474,1.0,1.0,1.0,1.0,1.0,1.0
6,214,dpp,5832843.169937461,13121988.096845094,0.26089201742828566,0.6276965513964697,0.2,0.3333333333333333,0.3333333333333333,-0.8
8,210,random,1074775.5723059762,3784343.0766865863,1.0,0.9955833051196766,1.0,1.0,1.0,0.8
8,210,round_robin,1079780.9486794216,3784678.616311043,1.0,0.9955833051196766,1.0,1.0,1.0,0.8
8,210,ucb,63878.27240428853,121040.73027545142,1.0,1.0,1.0,1.0,1.0,1.0
8,210,dpp,5803702.632137054,13121695.461738113,0.26089201742828566,0.6379614452858208,0.2,0.3333333333333333,0.3333333333333333,-0.6
8,211,random,3960567.4994212654,10172913.479393458,0.5639103992566181,0.8095034731756052,0.5,0.6666666666666666,0.6666666666666666,0.0
8,211,round_robin,3376828.2170351874,9941547.071602078,0.5639103992566181,0.8307639719669377,0.5,0.6666666666666666,0.6666666666666666,0.2
8,211,ucb,43351.563491475565,59827.07166833459,1.0,1.0,1.0,1.0,1.0,1.0
8,211,dpp,1832699.5719240715,6934756.439194962,0.8614478530494267,0.9601083674851862,0.5,0.6666666666666666,0.6666666666666666,0.4
8,212,random,2401115.103285996,7261656.863930315,0.8614478530494267,0.9601083674851862,0.5,0.6666666666666666,0.6666666666666666,0.4
8,212,round_robin,5180167.848993576,12120915.355827281,0.6173244868995134,0.7809816970251713,0.5,0.6666666666666666,0.6666666666666666,0.0
8,212,ucb,64028.26980014183,132506.76062139432,1.0,1.0,1.0,1.0,1.0,1.0
8,212,dpp,5018676.620013354,11764558.652370857,0.5231818424240038,0.7918032353963808,0.5,0.6666666666666666,0.6666666666666666,0.0
8,213,random,2981858.2647157083,9444446.447026422,0.616588452785567,0.8164901067973944,0.5,0.6666666666666666,0.6666666666666666,0.2
8,213,round_robin,3181136.1688049645,7648552.922825539,1.0,0.9955833051196766,1.0,1.0,1.0,0.8
8,213,ucb,41035.580305407835,59873.62341378183,1.0,1.0,1.0,1.0,1.0,1.0
8,213,dpp,2421946.484567359,7262166.838737121,0.8614478530494267,0.9601083674851862,0.5,0.6666666666666666,0.6666666666666666,0.4
8,214,random,3485019.2203938547,9362596.227474445,0.6789776349807631,0.916086257324894,0.2,0.3333333333333333,0.3333333333333333,0.2
8,214,round_robin,4045449.880858961,11140354.011014694,0.4341182347169036,0.770096320283714,0.2,0.3333333333333333,0.3333333333333333,-0.2
8,214,ucb,89611.90892980993,227125.3904556702,1.0,1.0,1.0,1.0,1.0,1.0
8,214,dpp,5162653.466949973,12120691.8368492,0.6173244868995134,0.7809816970251713,0.5,0.6666666666666666,0.6666666666666666,0.0
10,210,random,627959.8679093777,2161330.105745406,1.0,1.0,1.0,1.0,1.0,1.0
10,210,round_robin,6350296.627986345,13297436.781930221,0.6078732404196378,0.7329524435945366,0.5,0.6666666666666666,0.6666666666666666,0.0
10,210,ucb,79146.37761118106,138171.08663019113,1.0,1.0,1.0,1.0,1.0,1.0
10,210,dpp,2420552.252695187,7263501.808195174,0.8614478530494267,0.9755206672674911,0.5,0.6666666666666666,0.6666666666666666,0.6
10,211,random,2249886.572043081,6649792.925923486,0.8971421431585611,0.9863580729975401,0.5,0.6666666666666666,0.6666666666666666,0.8
10,211,round_robin,37349.49213566237,64059.36628249019,1.0,1.0,1.0,1.0,1.0,1.0
10,211,ucb,69365.43745700695,123528.24652551717,1.0,1.0,1.0,1.0,1.0,1.0
10,211,dpp,1687950.1153669348,6290900.241729127,0.8971421431585611,0.9733174495686235,0.5,0.6666666666666666,0.6666666666666666,0.6
10,212,random,4026863.4888895364,11140198.300477086,0.4341182347169036,0.770096320283714,0.2,0.3333333333333333,0.3333333333333333,-0.2
10,212,round_robin,1058174.3418808004,3783030.21455742,1.0,0.9955833051196766,1.0,1.0,1.0,0.8
10,212,ucb,57624.83132643355,117552.35072098601,1.0,1.0,1.0,1.0,1.0,1.0
10,212,dpp,79405.5529135155,118288.30598677049,1.0,1.0,1.0,1.0,1.0,1.0
10,213,random,2220530.7651450303,6649284.498105359,0.8971421431585611,0.9863580729975401,0.5,0.6666666666666666,0.6666666666666666,0.8
10,213,round_robin,5796733.569188217,13121667.26019808,0.26089201742828566,0.6379614452858208,0.2,0.3333333333333333,0.3333333333333333,-0.6
10,213,ucb,95779.51768061746,186516.34303102756,1.0,1.0,1.0,1.0,1.0,1.0
10,213,dpp,98100.277037916,208126.31365484538,1.0,1.0,1.0,1.0,1.0,1.0
10,214,random,1015621.3076432236,3781199.0830553863,1.0,0.9955833051196766,1.0,1.0,1.0,0.8
10,214,round_robin,660453.8824836153,2160225.6883646674,1.0,1.0,1.0,1.0,1.0,1.0
10,214,ucb,75604.72388563123,151375.6727792884,1.0,1.0,1.0,1.0,1.0,1.0
10,214,dpp,1084173.8748340541,3786969.879524739,1.0,0.9955833051196766,1.0,1.0,1.0,0.8
15,210,random,50224.05394343722,107278.19517480137,1.0,1.0,1.0,1.0,1.0,1.0
15,210,round_robin,54075.69105585734,115717.6583993753,1.0,1.0,1.0,1.0,1.0,1.0
15,210,ucb,58425.103718068414,120844.61852633477,1.0,1.0,1.0,1.0,1.0,1.0
15,210,dpp,37498.26191247802,68648.5611513054,1.0,1.0,1.0,1.0,1.0,1.0
15,211,random,50450.08340216116,104151.16339330586,1.0,1.0,1.0,1.0,1.0,1.0
15,211,round_robin,91799.86293708092,187696.07543795,1.0,1.0,1.0,1.0,1.0,1.0
15,211,ucb,39960.220368238566,78034.31824836193,1.0,1.0,1.0,1.0,1.0,1.0
15,211,dpp,68131.70996685179,159137.0811213985,1.0,1.0,1.0,1.0,1.0,1.0
15,212,random,29386.448086181073,58713.740365810874,1.0,1.0,1.0,1.0,1.0,1.0
15,212,round_robin,74006.10422612733,146673.7451408658,1.0,1.0,1.0,1.0,1.0,1.0
15,212,ucb,36531.00824281464,69517.98819305908,1.0,1.0,1.0,1.0,1.0,1.0
15,212,dpp,56584.442941862144,106638.91304200143,1.0,1.0,1.0,1.0,1.0,1.0
15,213,random,110979.36679458566,274149.32625284506,1.0,1.0,1.0,1.0,1.0,1.0
15,213,round_robin,60846.988172000696,111789.79893831273,1.0,1.0,1.0,1.0,1.0,1.0
15,213,ucb,22190.418746793028,41709.64937426576,1.0,1.0,1.0,1.0,1.0,1.0
15,213,dpp,73900.92078599513,142166.63012910003,1.0,1.0,1.0,1.0,1.0,1.0
15,214,random,40594.85910591271,89896.93887169551,1.0,1.0,1.0,1.0,1.0,1.0
15,214,round_robin,47434.16061061451,94715.88860073678,1.0,1.0,1.0,1.0,1.0,1.0
15,214,ucb,37236.05081488977,69588.4027410918,1.0,1.0,1.0,1.0,1.0,1.0
15,214,dpp,36671.54746415375,70685.3173209578,1.0,1.0,1.0,1.0,1.0,1.0
20,210,random,62687.51788111006,133318.721282573,1.0,1.0,1.0,1.0,1.0,1.0
20,210,round_robin,90039.3192174546,176907.10691454168,1.0,1.0,1.0,1.0,1.0,1.0
20,210,ucb,65505.15862542989,134674.77370335808,1.0,1.0,1.0,1.0,1.0,1.0
20,210,dpp,53991.570986361614,124462.44105413092,1.0,1.0,1.0,1.0,1.0,1.0
20,211,random,38511.366027628734,93578.90566172617,1.0,1.0,1.0,1.0,1.0,1.0
20,211,round_robin,56993.09898493115,119229.71836446448,1.0,1.0,1.0,1.0,1.0,1.0
20,211,ucb,76123.68394364516,177372.7289967484,1.0,1.0,1.0,1.0,1.0,1.0
20,211,dpp,103320.52291689914,239099.0591387452,1.0,1.0,1.0,1.0,1.0,1.0
20,212,random,100423.46459232106,225394.0632793617,1.0,1.0,1.0,1.0,1.0,1.0
20,212,round_robin,73460.48861364242,141546.80683686145,1.0,1.0,1.0,1.0,1.0,1.0
20,212,ucb,90318.18549415215,175949.83027679118,1.0,1.0,1.0,1.0,1.0,1.0
20,212,dpp,96071.52727829076,200077.85799901374,1.0,1.0,1.0,1.0,1.0,1.0
20,213,random,79541.2153170901,169475.90165021346,1.0,1.0,1.0,1.0,1.0,1.0
20,213,round_robin,64425.9716094501,135372.8952257486,1.0,1.0,1.0,1.0,1.0,1.0
20,213,ucb,22064.11533884037,43660.68933527517,1.0,1.0,1.0,1.0,1.0,1.0
20,213,dpp,33907.66067737039,74648.40869710501,1.0,1.0,1.0,1.0,1.0,1.0
20,214,random,33860.13324923569,72981.03120461322,1.0,1.0,1.0,1.0,1.0,1.0
20,214,round_robin,37042.81985204693,83009.61670180736,1.0,1.0,1.0,1.0,1.0,1.0
20,214,ucb,46550.41864310157,117426.90250248779,1.0,1.0,1.0,1.0,1.0,1.0
20,214,dpp,51924.27685902434,142037.11451127395,1.0,1.0,1.0,1.0,1.0,1.0
2,685,random,4856370.355735232,9678628.995920688,0.9123377033685562,0.9540391261945377,0.5,0.6666666666666666,0.6666666666666666,0.35856858280031806
2,685,round_robin,7623372.271009716,14546046.960209876,0.7564800393001768,0.8153031399932191,0.5,0.6666666666666666,0.6666666666666666,0.5976143046671968
2,685,ucb,3127163.0219706455,6985432.776475077,0.9275615227969028,0.9838503996486292,0.5,0.6666666666666666,0.6666666666666666,0.8366600265340756
2,685,dpp,7639236.740839147,14546156.939882535,0.6142255030440156,0.6751558150491612,0.5,0.6666666666666666,0.6666666666666666,-0.11952286093343936
2,686,random,6353911.533405211,13637944.417156158,0.518905096300124,0.6452405708022675,0.5,0.6666666666666666,0.6666666666666666,-0.35856858280031806
2,686,round_robin,7634386.95456566,14546130.220947627,0.9275615227969028,0.9838503996486292,0.5,0.6666666666666666,0.6666666666666666,0.8366600265340756
2,686,ucb,3134154.6057135747,6985733.8757348005,0.9275615227969028,0.9838503996486292,0.5,0.6666666666666666,0.6666666666666666,0.8366600265340756
2,686,dpp,6346927.701308946,13637865.567319619,0.518905096300124,0.6452405708022675,0.5,0.6666666666666666,0.6666666666666666,-0.35856858280031806
2,687,random,7624288.025954548,14545994.207386209,0.6168479211940487,0.741732572165446,0.5,0.6666666666666666,0.6666666666666666,0.35856858280031806
2,687,round_robin,7634404.096227421,14546130.220825315,0.9275615227969028,0.9838503996486292,0.5,0.6666666666666666,0.6666666666666666,0.8366600265340756
2,687,ucb,3136955.83801813,6985616.286162705,0.9275615227969028,0.9838503996486292,0.5,0.6666666666666666,0.6666666666666666,0.8366600265340756
2,687,dpp,4880169.93927271,9679605.062233683,0.8903108200440205,0.9471514902113802,0.5,0.6666666666666666,0.6666666666666666,0.11952286093343936
2,688,random,6723570.827026216,14081622.154022705,0.4089399259710787,0.5788144969680177,0.2,0.3333333333333333,0.3333333333333333,-0.5976143046671968
2,688,round_robin,4866256.869753839,9678921.254611641,0.9275615227969028,0.9838503996486292,0.5,0.6666666666666666,0.6666666666666666,0.8366600265340756
2,688,ucb,3125251.733421722,6985355.543216646,0.9275615227969028,0.9838503996486292,0.5,0.6666666666666666,0.6666666666666666,0.8366600265340756
2,688,dpp,6713614.481948056,14081385.743966838,0.5003471071127622,0.6136518185310454,0.5,0.6666666666666666,0.6666666666666666,-0.35856858280031806
2,689,random,7626881.99831739,14546069.65372045,0.6805640977307876,0.725698774613198,0.5,0.6666666666666666,0.6666666666666666,0.11952286093343936
2,689,round_robin,5925057.761333517,12911887.221930498,0.7564800393001768,0.8153031399932191,0.5,0.6666666666666666,0.6666666666666666,0.5976143046671968
2,689,ucb,3139568.7264302624,6985919.573465598,0.9275615227969028,0.9838503996486292,0.5,0.6666666666666666,0.6666666666666666,0.8366600265340756
2,689,dpp,7639210.917044702,14546156.939354587,0.6142255030440156,0.6751558150491612,0.5,0.6666666666666666,0.6666666666666666,-0.11952286093343936
4,685,random,5906767.669440716,13726306.065276336,0.1771663203333103,0.5471558187633176,0.2,0.3333333333333333,0.3333333333333333,-0.5270462766947299
4,685,round_robin,5102726.25165295,12523547.878218262,0.301964964550897,0.6701058251676477,0.2,0.3333333333333333,0.3333333333333333,-0.2
4,685,ucb,1394351.6316821924,5062180.290871339,0.9450174148354773,0.9862347542747936,0.5,0.6666666666666666,0.6666666666666666,0.6
4,685,dpp,5086501.944668599,12523357.76110578,0.3569475497154197,0.6515740466463814,0.5,0.6666666666666666,0.6666666666666666,-0.2
4,686,random,7621948.344278094,14546046.492064102,0.828918516503274,0.8299454383390272,1.0,1.0,1.0,0.6
4,686,round_robin,4988754.759959885,12385880.485662831,0.30653595583685805,0.6746091065246406,0.2,0.3333333333333333,0.3333333333333333,0.0
4,686,ucb,1444585.717279408,5065072.105859047,0.9450174148354773,0.9862347542747936,0.5,0.6666666666666666,0.6666666666666666,0.6
4,686,dpp,3830578.5018344945,11456418.267919783,0.37591625365400594,0.6702617678580383,0.5,0.6666666666666666,0.6666666666666666,0.0
4,687,random,6697795.382971035,14081293.517150868,0.6491372871211647,0.6947374882150538,0.5,0.6666666666666666,0.6666666666666666,0.11952286093343936
4,687,round_robin,7628561.154875567,14546076.671772093,0.7564800393001768,0.8153031399932191,0.5,0.6666666666666666,0.6666666666666666,0.2
4,687,ucb,1388015.3997889804,5061171.334591465,0.9450174148354773,0.9862347542747936,0.5,0.6666666666666666,0.6666666666666666,0.6
4,687,dpp,4846415.619065964,9678589.502089819,0.9275615227969028,0.9885981009237274,0.5,0.6666666666666666,0.6666666666666666,0.6
4,688,random,4842807.903579024,9678438.22698243,1.0,0.9984926979944373,1.0,1.0,1.0,0.9486832980505138
4,688,round_robin,7619839.827009197,14546042.286194215,0.7564800393001768,0.8153031399932191,0.5,0.6666666666666666,0.6666666666666666,0.2
4,688,ucb,1406731.4389168466,5061734.268983272,0.9450174148354773,0.9862347542747936,0.5,0.6666666666666666,0.6666666666666666,0.6
4,688,dpp,5942518.482695904,12912408.805101432,0.3569475497154197,0.6515740466463814,0.5,0.6666666666666666,0.6666666666666666,-0.2
4,689,random,6704653.708640501,14081355.913555559,0.5793212280681006,0.691456098682567,0.5,0.6666666666666666,0.6666666666666666,0.10540925533894598
4,689,round_robin,3886676.80224219,8964354.018560829,0.9123377033685562,0.9540391261945377,0.5,0.6666666666666666,0.6666666666666666,0.4
4,689,ucb,1374942.7254474037,5060829.005542555,0.9450174148354773,0.9862347542747936,0.5,0.6666666666666666,0.6666666666666666,0.6
4,689,dpp,6329293.72262909,13637710.570599765,0.32438219341523794,0.6194910797939066,0.5,0.6666666666666666,0.6666666666666666,-0.2
6,685,random,5410192.664329326,13141114.382809056,0.3091583739868912,0.6219768305862876,0.5,0.6666666666666666,0.6666666666666666,0.0
6,685,round_robin,4630596.016809147,11879682.796936242,0.7499443955479356,0.7521411581875056,1.0,1.0,1.0,0.4
6,685,ucb,98807.74970646536,174545.19748985808,1.0,1.0,1.0,1.0,1.0,1.0
6,685,dpp,5529306.498729863,13270830.50575604,0.28713149066235566,0.6135818925975675,0.5,0.6666666666666666,0.6666666666666666,-0.2
6,686,random,4861967.172149649,9679298.966138223,0.9123377033685562,0.9602941294751985,0.5,0.6666666666666666,0.6666666666666666,0.6
6,686,round_robin,6809032.350252656,14202540.257013714,0.5535333809029732,0.6153627231232317,0.5,0.6666666666666666,0.6666666666666666,-0.2
6,686,ucb,77608.159589405,122321.47987760698,1.0,1.0,1.0,1.0,1.0,1.0
6,686,dpp,4067003.2779067433,9157072.138039418,0.8204947609909564,0.9423627986733308,0.5,0.6666666666666666,0.6666666666666666,0.2
6,687,random,6306433.017610446,13637525.322525673,0.3418380854538125,0.6541724586665437,0.5,0.6666666666666666,0.6666666666666666,0.10540925533894598
6,687,round_robin,5910164.988515539,12911795.215914613,0.6585372144062521,0.7235588399051388,0.5,0.6666666666666666,0.6666666666666666,0.2
6,687,ucb,110054.50159987675,176876.19958437115,1.0,1.0,1.0,1.0,1.0,1.0
6,687,dpp,4084987.490404318,9157315.516222356,0.8204947609909564,0.9423627986733308,0.5,0.6666666666666666,0.6666666666666666,0.2
6,688,random,5394771.573732073,13140819.512887703,0.5409319796246596,0.6536355087909876,0.5,0.6666666666666666,0.6666666666666666,0.10540925533894598
6,688,round_robin,5122228.99512258,12524267.116164962,0.3569475497154197,0.6515740466463814,0.5,0.6666666666666666,0.6666666666666666,-0.2
6,688,ucb,106601.78450687075,163758.2934245215,1.0,1.0,1.0,1.0,1.0,1.0
6,688,dpp,3078802.866792774,8395493.719739947,0.7700831671123949,0.9285795766931811,0.2,0.3333333333333333,0.3333333333333333,0.0
6,689,random,6686554.710928702,14081187.274352819,0.1263189652188326,0.5302651261960154,0.2,0.3333333333333333,0.3333333333333333,-0.6
6,689,round_robin,4831681.36648062,9678415.866543941,0.9817180011857041,0.9804815097688453,1.0,1.0,1.0,0.6
6,689,ucb,113727.9456133128,188401.11209050904,1.0,1.0,1.0,1.0,1.0,1.0
6,689,dpp,6660235.147549712,14081004.314444313,0.2685735014749938,0.5819931403263454,0.5,0.6666666666666666,0.6666666666666666,-0.2
8,685,random,6812334.61835289,14202555.663377361,0.5535333809029732,0.6201104243983298,0.5,0.6666666666666666,0.6666666666666666,0.0
8,685,round_robin,1410703.763800572,5063595.663309812,0.9450174148354773,0.9862347542747936,0.5,0.6666666666666666,0.6666666666666666,0.6
8,685,ucb,56979.780855195684,89817.08523087348,1.0,1.0,1.0,1.0,1.0,1.0
8,685,dpp,2875450.7243186035,10859656.922341146,0.3933721456925805,0.6726461224842027,0.5,0.6666666666666666,0.6666666666666666,0.2
8,686,random,5545324.026107152,13271093.777834041,0.28713149066235566,0.6135818925975675,0.5,0.6666666666666666,0.6666666666666666,-0.2
8,686,round_robin,866112.0557731334,3144066.9192638905,1.0,1.0,1.0,1.0,1.0,1.0
8,686,ucb,57219.021295217986,96549.38854559396,1.0,1.0,1.0,1.0,1.0,1.0
8,686,dpp,1054248.9887208873,3654225.1971595665,1.0,0.9984926979944373,1.0,1.0,1.0,0.8
8,687,random,7599069.578626927,14545873.19111448,0.6984103353091676,0.701370470123374,1.0,1.0,1.0,0.2
8,687,round_robin,5903059.601153478,12911840.484315295,0.7499443955479356,0.7521411581875056,1.0,1.0,1.0,0.4
8,687,ucb,64352.42014305694,103303.55665583628,1.0,1.0,1.0,1.0,1.0,1.0
8,687,dpp,6803908.493399954,14202452.871046517,0.23366171739784475,0.5301144429139804,0.5,0.6666666666666666,0.6666666666666666,-0.6
8,688,random,4041689.012527295,9154611.816010267,0.8903108200440205,0.9518991914864784,0.5,0.6666666666666666,0.6666666666666666,0.4
8,688,round_robin,2355110.598403135,6240425.601670829,0.9275615227969028,0.9838503996486292,0.5,0.6666666666666666,0.6666666666666666,0.4
8,688,ucb,31697.423382802775,50624.0343418935,1.0,1.0,1.0,1.0,1.0,1.0
8,688,dpp,3808724.727446869,11455967.813275386,0.37591625365400594,0.6702617678580383,0.5,0.6666666666666666,0.6666666666666666,0.0
8,689,random,2160337.92988099,5957154.318082903,0.9450174148354773,0.9924897575554545,0.5,0.6666666666666666,0.6666666666666666,0.8
8,689,round_robin,5878682.742902952,12911512.5018974,0.7499443955479356,0.7521411581875056,1.0,1.0,1.0,0.4
8,689,ucb,64153.056606302285,100827.61634634559,1.0,1.0,1.0,1.0,1.0,1.0
8,689,dpp,1066143.8568000186,3656670.891740223,1.0,0.9984926979944373,1.0,1.0,1.0,0.8
10,685,random,106048.40463148593,221703.5393532584,1.0,1.0,1.0,1.0,1.0,1.0
10,685,round_robin,2625037.1529754167,7402121.868919603,0.8569193569681173,0.9649421765167149,0.5,0.6666666666666666,0.6666666666666666,0.6
10,685,ucb,62083.1709880118,102948.78042077967,1.0,1.0,1.0,1.0,1.0,1.0
10,685,dpp,3082279.5398837673,8395642.200189678,0.7700831671123949,0.9285795766931811,0.2,0.3333333333333333,0.3333333333333333,0.0
10,686,random,2757964.664496892,7630742.0375093175,0.8394634649295427,0.9610505198849877,0.5,0.6666666666666666,0.6666666666666666,0.4
10,686,round_robin,2600936.572995709,7401369.559926989,0.8569193569681173,0.9649421765167149,0.5,0.6666666666666666,0.6666666666666666,0.6
10,686,ucb,53881.15751974552,114190.24513540155,1.0,1.0,1.0,1.0,1.0,1.0
10,686,dpp,921315.4225785625,3150350.1782569275,1.0,1.0,1.0,1.0,1.0,1.0
10,687,random,4601209.147471651,11879219.123392545,0.7499443955479356,0.7536484601930683,1.0,1.0,1.0,0.6
10,687,round_robin,3091485.480935089,8396461.210477857,0.7700831671123949,0.9285795766931811,0.2,0.3333333333333333,0.3333333333333333,0.0
10,687,ucb,91562.02248243098,210598.72002631385,1.0,1.0,1.0,1.0,1.0,1.0
10,687,dpp,88711.24407770098,148138.79459448392,1.0,1.0,1.0,1.0,1.0,1.0
10,688,random,5079449.621452949,12523385.635911684,0.3569475497154197,0.6823637688872913,0.5,0.6666666666666666,0.6666666666666666,0.0
10,688,round_robin,40776.44593156579,69951.8698887523,1.0,1.0,1.0,1.0,1.0,1.0
10,688,ucb,84441.88989503233,177465.53577570923,1.0,1.0,1.0,1.0,1.0,1.0
10,688,dpp,4573959.694748239,12759505.455848929,0.16690383773073,0.5702488164559575,0.2,0.3333333333333333,0.3333333333333333,-0.4
10,689,random,2168561.6418382074,5957577.577263312,0.9450174148354773,0.9924897575554545,0.5,0.6666666666666666,0.6666666666666666,0.8
10,689,round_robin,2855943.8616143847,10859502.766315157,0.3933721456925805,0.6726461224842027,0.5,0.6666666666666666,0.6666666666666666,0.2
10,689,ucb,67765.76546914432,126391.35883570276,1.0,1.0,1.0,1.0,1.0,1.0
10,689,dpp,5076571.7248305045,12523325.90444633,0.3569475497154197,0.6823637688872913,0.5,0.6666666666666666,0.6666666666666666,0.0
15,685,random,48293.74889528985,112042.01335232926,1.0,1.0,1.0,1.0,1.0,1.0
15,685,round_robin,76549.19426521185,173637.07679307225,1.0,1.0,1.0,1.0,1.0,1.0
15,685,ucb,47176.44951010132,114476.38390272814,1.0,1.0,1.0,1.0,1.0,1.0
15,685,dpp,81371.6360743439,219172.30723577322,1.0,1.0,1.0,1.0,1.0,1.0
15,686,random,41999.43202218189,77998.88001361924,1.0,1.0,1.0,1.0,1.0,1.0
15,686,round_robin,64465.74718784197,175386.1136211032,1.0,1.0,1.0,1.0,1.0,1.0
15,686,ucb,66172.36910498315,186942.0968800195,1.0,1.0,1.0,1.0,1.0,1.0
15,686,dpp,60603.68811841705,138389.6589038245,1.0,1.0,1.0,1.0,1.0,1.0
15,687,random,49894.45525569399,95007.03150808752,1.0,1.0,1.0,1.0,1.0,1.0
15,687,round_robin,89999.84057173366,196660.7135234116,1.0,1.0,1.0,1.0,1.0,1.0
15,687,ucb,64857.54008287793,127569.80550368247,1.0,1.0,1.0,1.0,1.0,1.0
15,687,dpp,116111.84115058588,229559.2044512677,1.0,1.0,1.0,1.0,1.0,1.0
15,688,random,25042.380500217274,44675.05558039866,1.0,1.0,1.0,1.0,1.0,1.0
15,688,round_robin,41475.39091597082,87956.7079850837,1.0,1.0,1.0,1.0,1.0,1.0
15,688,ucb,56381.65128552354,107924.42192029595,1.0,1.0,1.0,1.0,1.0,1.0
15,688,dpp,47257.563282773626,86822.90445407906,1.0,1.0,1.0,1.0,1.0,1.0
15,689,random,60092.56585525804,121909.58218067701,1.0,1.0,1.0,1.0,1.0,1.0
15,689,round_robin,79668.37271015107,173733.20022406935,1.0,1.0,1.0,1.0,1.0,1.0
15,689,ucb,45530.6669247963,95897.88213028568,1.0,1.0,1.0,1.0,1.0,1.0
15,689,dpp,63668.80779334206,156540.69398706354,1.0,1.0,1.0,1.0,1.0,1.0
20,685,random,34359.46304236793,64677.780886789136,1.0,1.0,1.0,1.0,1.0,1.0
20,685,round_robin,69592.94845135501,151711.75381151077,1.0,1.0,1.0,1.0,1.0,1.0
20,685,ucb,130272.26561274358,315145.549790272,1.0,1.0,1.0,1.0,1.0,1.0
20,685,dpp,103565.31679474449,209337.53936975656,1.0,1.0,1.0,1.0,1.0,1.0
20,686,random,59996.51255252127,155150.49265904026,1.0,1.0,1.0,1.0,1.0,1.0
20,686,round_robin,67634.93640062405,129434.60242094462,1.0,1.0,1.0,1.0,1.0,1.0
20,686,ucb,47952.681032828565,105183.08980557068,1.0,1.0,1.0,1.0,1.0,1.0
20,686,dpp,104063.5431526448,204432.10541444726,1.0,1.0,1.0,1.0,1.0,1.0
20,687,random,52784.28133694796,103066.38000829042,1.0,1.0,1.0,1.0,1.0,1.0
20,687,round_robin,50832.94031945685,97660.09304573353,1.0,1.0,1.0,1.0,1.0,1.0
20,687,ucb,18884.402774889295,36040.06770907062,1.0,1.0,1.0,1.0,1.0,1.0
20,687,dpp,110932.66137765217,296885.2156407997,1.0,1.0,1.0,1.0,1.0,1.0
20,688,random,60000.946005383106,122726.81677065995,1.0,1.0,1.0,1.0,1.0,1.0
20,688,round_robin,57424.530252570534,117377.0199808049,1.0,1.0,1.0,1.0,1.0,1.0
20,688,ucb,46619.3627110661,122147.74135845604,1.0,1.0,1.0,1.0,1.0,1.0
20,688,dpp,47390.542398681675,124934.49972826208,1.0,1.0,1.0,1.0,1.0,1.0
20,689,random,55159.12938034013,126303.82100071281,1.0,1.0,1.0,1.0,1.0,1.0
20,689,round_robin,30352.482299143507,72264.87807125515,1.0,1.0,1.0,1.0,1.0,1.0
20,689,ucb,37581.42804091968,76820.87111067619,1.0,1.0,1.0,1.0,1.0,1.0
20,689,dpp,76162.7738309507,140964.3239111986,1.0,1.0,1.0,1.0,1.0,1.0
